Previous Rank,Weeks on List,ISBN,Price,Author,Title,Rank,List,Week
,,9781250153272,8.99,Madeleine L'Engle,A Wrinkle in Time,1,Early & Middle,2/14/2018
,,9781524720193,16.99,R.J. Palacio,Wonder,2,Early & Middle,2/14/2018
,,9781101934852,16.99,R.J. Palacio,Auggie & Me,3,Early & Middle,2/14/2018
,,9781616205676,16.95,Kelly Barnhill,The Girl Who Drank the Moon,4,Early & Middle,2/14/2018
,,9780545132060,10.99,Raina Telgemeier,Smile,5,Early & Middle,2/14/2018
,,9780147510488,8.99,Kimberly Brubaker Bradley,The War That Saved My Life,6,Early & Middle,2/14/2018
,,9780545326995,10.99,Raina Telgemeier,Drama,7,Early & Middle,2/14/2018
,,9780525429203,16.99,Kimberly Brubaker Bradley,The War I Finally Won,8,Early & Middle,2/14/2018
,,9781250043221,16.99,Katherine Applegate,Wishtree,9,Early & Middle,2/14/2018
,,9780545540605,10.99,Raina Telgemeier,Sisters,10,Early & Middle,2/14/2018
,,9780545540629,10.99,Raina Telgemeier,Ghosts,11,Early & Middle,2/14/2018
,,9781338267105,19.99,British Library,Harry Potter: A Journey Through a History of Magic,12,Early & Middle,2/14/2018
,,9780061992278,7.99,Katherine Applegate & Patricia Castelao (Illus.),The One and Only Ivan,13,Early & Middle,2/14/2018
,,9780316514392,21.99,Pete Souza,Dream Big Dreams: Photographs from Barack Obama's Inspiring and Historic Presidency,14,Early & Middle,2/14/2018
,,9780545880831,16.99,Alan Gratz,Refugee,15,Early & Middle,2/14/2018
,1,9780312577230,28.99,Kristin Hannah,The Great Alone,1,Hardcover Fiction,2/14/2018
,1,9781616201340,26.95,Tayari Jones,An American Marriage,2,Hardcover Fiction,2/14/2018
1,6,9780062678416,26.99,A.J. Finn,The Woman in the Window,3,Hardcover Fiction,2/14/2018
3,75,9780670026197,27,Amor Towles,A Gentleman in Moscow,4,Hardcover Fiction,2/14/2018
2,5,9780735213180,26,Chloe Benjamin,The Immortalists,5,Hardcover Fiction,2/14/2018
5,22,9780735224292,27,Celeste Ng,Little Fires Everywhere,6,Hardcover Fiction,2/14/2018
4,19,9781501126062,26,Jesmyn Ward,"Sing, Unburied, Sing",7,Hardcover Fiction,2/14/2018
6,2,9780399562457,27,Jojo Moyes,Still Me,8,Hardcover Fiction,2/14/2018
7,19,9780385514231,29.95,Dan Brown,Origin,9,Hardcover Fiction,2/14/2018
8,5,9781250130921,26.99,Greer Hendricks,The Wife Between Us,10,Hardcover Fiction,2/14/2018
9,6,9780316547611,26,Naomi Alderman,The Power,11,Hardcover Fiction,2/14/2018
13,16,9780385541176,28.95,John Grisham,The Rooster Bar,12,Hardcover Fiction,2/14/2018
11,13,9780553448122,27,Andy Weir,Artemis,13,Hardcover Fiction,2/14/2018
10,19,9781476716732,27,Jennifer Egan,Manhattan Beach,14,Hardcover Fiction,2/14/2018
,1,9780525520269,27.95,Robert Harris,Munich,15,Hardcover Fiction,2/14/2018
1,6,9781250158062,30,Michael Wolff,Fire and Fury,1,Hardcover Nonfiction,2/14/2018
2,41,9780393609394,18.95,Neil deGrasse Tyson,Astrophysics for People in a Hurry,2,Hardcover Nonfiction,2/14/2018
3,45,9780062457714,24.99,Mark Manson,The Subtle Art of Not Giving A F*ck,3,Hardcover Nonfiction,2/14/2018
4,17,9781501139154,35,Walter Isaacson,Leonardo da Vinci,4,Hardcover Nonfiction,2/14/2018
8,7,9781501181825,26,Tiffany Haddish,The Last Black Unicorn,5,Hardcover Nonfiction,2/14/2018
7,2,9781101947319,28.95,Dave Eggers,The Monk of Mokha,6,Hardcover Nonfiction,2/14/2018
5,32,9780385534246,28.95,David Grann,Killers of the Flower Moon,7,Hardcover Nonfiction,2/14/2018
,8,9780316512589,50,Pete Souza,Obama: An Intimate Portrait,8,Hardcover Nonfiction,2/14/2018
9,12,9781501124020,30,Ray Dalio,Principles,9,Hardcover Nonfiction,2/14/2018
11,3,9781524762933,26,Steven Levitsky,How Democracies Die,10,Hardcover Nonfiction,2/14/2018
10,76,9780062300546,27.99,J.D. Vance,Hillbilly Elegy,11,Hardcover Nonfiction,2/14/2018
6,5,9780735210622,28,Daniel H. Pink,When,12,Hardcover Nonfiction,2/14/2018
,1,9781594204586,35,Steve Coll,Directorate S: The C.I.A. and America's Secret Wars in Afghanistan and Pakistan,13,Hardcover Nonfiction,2/14/2018
13,47,9780399185045,26,The Dalai Lama,The Book of Joy,14,Hardcover Nonfiction,2/14/2018
,1,9781594206252,28,Zadie Smith,Feel Free,15,Hardcover Nonfiction,2/14/2018
1,6,9780399593598,9.99,Lee Child,No Middle Name,1,Mass Market,2/14/2018
,1,9780804190145,9.99,Ernest Cline,Ready Player One,2,Mass Market,2/14/2018
2,31,9781101967683,9.99,John Grisham,The Whistler,3,Mass Market,2/14/2018
4,7,9781478944782,9.99,James Patterson,Never Never,4,Mass Market,2/14/2018
3,11,9780062473363,9.99,Michael Crichton,Dragon Teeth,5,Mass Market,2/14/2018
8,30,9780451490049,9.99,Liane Moriarty,The Husband's Secret,6,Mass Market,2/14/2018
6,3,9781101883938,8.99,Danielle Steel,Against All Odds,7,Mass Market,2/14/2018
7,2,9780143131830,9.99,Brian Kilmeade,Thomas Jefferson and the Tripoli Pirates,8,Mass Market,2/14/2018
9,6,9780451490445,9.99,Liane Moriarty,What Alice Forgot,9,Mass Market,2/14/2018
10,5,9781250058461,9.99,Steve Berry,The Lost Order,10,Mass Market,2/14/2018
1,2,9780345804327,16.95,Colson Whitehead,The Underground Railroad,1,Trade Paperback Fiction,2/14/2018
,1,9780812985405,17,George Saunders,Lincoln in the Bardo,2,Trade Paperback Fiction,2/14/2018
2,13,9781455563920,15.99,Min Jin Lee,Pachinko,3,Trade Paperback Fiction,2/14/2018
3,6,9780062563675,16.99,Jessica Shattuck,The Women in the Castle,4,Trade Paperback Fiction,2/14/2018
7,44,9781501132957,16,Ruth Ware,The Woman in Cabin 10,5,Trade Paperback Fiction,2/14/2018
6,6,9780399563096,16,Georgia Hunter,We Were the Lucky Ones,6,Trade Paperback Fiction,2/14/2018
,1,9781501160776,17,Fredrik Backman,Beartown,7,Trade Paperback Fiction,2/14/2018
4,45,9781501173219,17,Anthony Doerr,All the Light We Cannot See,8,Trade Paperback Fiction,2/14/2018
5,42,9780525435006,15.95,Margaret Atwood,The Handmaid's Tale,9,Trade Paperback Fiction,2/14/2018
,1,9780804190138,16,Ernest Cline,Ready Player One,10,Trade Paperback Fiction,2/14/2018
11,37,9780735221109,16,Shari Lapena,The Couple Next Door,11,Trade Paperback Fiction,2/14/2018
8,19,9781449486792,16.99,Rupi Kaur,The Sun and Her Flowers,12,Trade Paperback Fiction,2/14/2018
13,75,9781449474256,14.99,Rupi Kaur,Milk and Honey,13,Trade Paperback Fiction,2/14/2018
,1,9780062356277,16.99,Christina Baker Kline,A Piece of the World,14,Trade Paperback Fiction,2/14/2018
12,5,9781250169440,17,Andre Aciman,Call Me by Your Name,15,Trade Paperback Fiction,2/14/2018
1,134,9780762447695,16,Jen Sincero,You Are a Badass,1,Trade Paperback Nonfiction,2/14/2018
2,11,9781101912379,20,Peter Frankopan,The Silk Roads,2,Trade Paperback Nonfiction,2/14/2018
3,7,9781501178511,18,Doug Stanton,12 Strong,3,Trade Paperback Nonfiction,2/14/2018
7,34,9781476759739,16,Jonah Berger,Invisible Influence,4,Trade Paperback Nonfiction,2/14/2018
5,23,9781250076229,16,Atul Gawande,Being Mortal,5,Trade Paperback Nonfiction,2/14/2018
4,22,9781455540013,15.99,Douglas J. Preston,The Lost City of the Monkey God,6,Trade Paperback Nonfiction,2/14/2018
6,76,9781633690196,24.95,Harvard Business School Press,HBR's 10 Must Reads on Emotional Intelligence,7,Trade Paperback Nonfiction,2/14/2018
8,56,9781422157992,24.95,Harvard Business School Press,HBR's 10 Must Reads on Managing Yourself,8,Trade Paperback Nonfiction,2/14/2018
10,39,9780553447453,17,Matthew Desmond,Evicted,9,Trade Paperback Nonfiction,2/14/2018
9,15,9780393354775,16.95,Michael Lewis,The Undoing Project,10,Trade Paperback Nonfiction,2/14/2018
15,2,9781591846444,16,Simon Sinek,Start With Why,11,Trade Paperback Nonfiction,2/14/2018
13,2,9781591848011,17,Simon Sinek,Leaders Eat Last,12,Trade Paperback Nonfiction,2/14/2018
,20,9781937006884,9.95,Thich Nhat Hanh,How to Love,13,Trade Paperback Nonfiction,2/14/2018
14,2,9780812985795,18,Sheelah Kolhatkar,Black Edge,14,Trade Paperback Nonfiction,2/14/2018
12,17,9781476796024,17,Alexandra Horowitz,Being a Dog,15,Trade Paperback Nonfiction,2/14/2018
,,9780062498533,17.99,Angie Thomas,The Hate U Give,1,Young Adult,2/14/2018
,,9780525555360,19.99,John Green,Turtles All the Way Down,2,Young Adult,2/14/2018
,,9780375847110,18.99,Tamora Pierce,Tempests and Slaughter,3,Young Adult,2/14/2018
,,9780525581611,10.99,David Levithan,Every Day,4,Young Adult,2/14/2018
,,9781250147905,16.99,Melissa Albert,The Hazel Wood,5,Young Adult,2/14/2018
,,9780375815300,22.99,Philip Pullman,The Book of Dust: La Belle Sauvage,6,Young Adult,2/14/2018
,,9780062792167,10.99,Becky Albertalli,Simon vs. the Homo Sapiens Agenda,7,Young Adult,2/14/2018
,,9781524769604,10.99,Nicola Yoon,"Everything, Everything",8,Young Adult,2/14/2018
,,9780316310277,18.99,Holly Black,The Cruel Prince,9,Young Adult,2/14/2018
,,9780385754729,12.99,Markus Zusak,The Book Thief,10,Young Adult,2/14/2018
,,9781524714680,17.99,Karen M. McManus,One of Us Is Lying,11,Young Adult,2/14/2018
,,9780142423622,10.99,Ruta Sepetys,Salt to the Sea,12,Young Adult,2/14/2018
,,9780544340688,9.99,Lois Lowry,The Giver,13,Young Adult,2/14/2018
,,9781484728499,17.99,Dhonielle Clayton,The Belles,14,Young Adult,2/14/2018
,,9781250044662,19.99,Marissa Meyer,Renegades,15,Young Adult,2/14/2018
,,9781250153272,8.99,Madeleine L'Engle,A Wrinkle in Time,1,Early & Middle,2/28/2018
,,9781524720193,16.99,R.J. Palacio,Wonder,2,Early & Middle,2/28/2018
,,9781101934852,16.99,R.J. Palacio,Auggie & Me,3,Early & Middle,2/28/2018
,,9781616205676,16.95,Kelly Barnhill,The Girl Who Drank the Moon,4,Early & Middle,2/28/2018
,,9780545326995,10.99,Raina Telgemeier,Drama,5,Early & Middle,2/28/2018
,,9780147510488,8.99,Kimberly Brubaker Bradley,The War That Saved My Life,6,Early & Middle,2/28/2018
,,9781484787649,16.99,Ronald L. Smith,Black Panther: The Young Prince,7,Early & Middle,2/28/2018
,,9780545540605,10.99,Raina Telgemeier,Sisters,8,Early & Middle,2/28/2018
,,9780545132060,10.99,Raina Telgemeier,Smile,9,Early & Middle,2/28/2018
,,9780316413206,6.99,Jim McCann,Black Panther: The Young Prince,10,Early & Middle,2/28/2018
,,9780525429999,12.99,Victoria Jamieson,All's Faire in Middle School,11,Early & Middle,2/28/2018
,,9780525429203,16.99,Kimberly Brubaker Bradley,The War I Finally Won,12,Early & Middle,2/28/2018
,,9780545540629,10.99,Raina Telgemeier,Ghosts,13,Early & Middle,2/28/2018
,,9780062414151,16.99,Erin Entrada Kelly,"Hello, Universe",14,Early & Middle,2/28/2018
,,9781250043221,16.99,Katherine Applegate,Wishtree,15,Early & Middle,2/28/2018
1,3,9781616208776,26.95,Tayari Jones,An American Marriage,1,Hardcover Fiction,2/28/2018
2,3,9780312577230,28.99,Kristin Hannah,The Great Alone,2,Hardcover Fiction,2/28/2018
3,8,9780062678416,26.99,A.J. Finn,The Woman in the Window,3,Hardcover Fiction,2/28/2018
5,77,9780670026197,27,Amor Towles,A Gentleman in Moscow,4,Hardcover Fiction,2/28/2018
4,24,9780735224292,27,Celeste Ng,Little Fires Everywhere,5,Hardcover Fiction,2/28/2018
6,7,9780735213180,26,Chloe Benjamin,The Immortalists,6,Hardcover Fiction,2/28/2018
7,21,9781501126062,26,Jesmyn Ward,"Sing, Unburied, Sing",7,Hardcover Fiction,2/28/2018
10,8,9780316547611,26,Naomi Alderman,The Power,8,Hardcover Fiction,2/28/2018
9,4,9780399562457,27,Jojo Moyes,Still Me,9,Hardcover Fiction,2/28/2018
8,21,9780385514231,29.95,Dan Brown,Origin,10,Hardcover Fiction,2/28/2018
15,2,9780525522874,26,Matt Haig,How to Stop Time,11,Hardcover Fiction,2/28/2018
11,21,9781476716732,27,Jennifer Egan,Manhattan Beach,12,Hardcover Fiction,2/28/2018
12,2,9780812995664,27,Amy Bloom,White Houses,13,Hardcover Fiction,2/28/2018
,1,9781501166761,26,Lisa Halliday,Asymmetry,14,Hardcover Fiction,2/28/2018
,14,9780553448122,27,Andy Weir,Artemis,15,Hardcover Fiction,2/28/2018
1,8,9781250158062,30,Michael Wolff,Fire and Fury,1,Hardcover Nonfiction,2/28/2018
2,43,9780393609394,18.95,Neil deGrasse Tyson,Astrophysics for People in a Hurry,2,Hardcover Nonfiction,2/28/2018
3,47,9780062457714,24.99,Mark Manson,The Subtle Art of Not Giving A F*ck,3,Hardcover Nonfiction,2/28/2018
,1,9780399590504,28,Tara Westover,Educated,4,Hardcover Nonfiction,2/28/2018
6,2,9780525427575,35,Steven Pinker,Enlightenment Now,5,Hardcover Nonfiction,2/28/2018
7,19,9781501139154,35,Walter Isaacson,Leonardo da Vinci,6,Hardcover Nonfiction,2/28/2018
8,2,9780345816023,25.95,Jordan B. Peterson,12 Rules for Life,7,Hardcover Nonfiction,2/28/2018
5,9,9781501181825,26,Tiffany Haddish,The Last Black Unicorn,8,Hardcover Nonfiction,2/28/2018
9,78,9780062300546,27.99,J.D. Vance,Hillbilly Elegy,9,Hardcover Nonfiction,2/28/2018
12,34,9780385534246,28.95,David Grann,Killers of the Flower Moon,10,Hardcover Nonfiction,2/28/2018
14,14,9781501124020,30,Ray Dalio,Principles,11,Hardcover Nonfiction,2/28/2018
4,4,9781101947319,28.95,Dave Eggers,The Monk of Mokha,12,Hardcover Nonfiction,2/28/2018
11,10,9780316512589,50,Pete Souza,Obama: An Intimate Portrait,13,Hardcover Nonfiction,2/28/2018
,1,9780374282219,27,Marilynne Robinson,What Are We Doing Here?: Essays,14,Hardcover Nonfiction,2/28/2018
,2,9781594206252,28,Zadie Smith,Feel Free,15,Hardcover Nonfiction,2/28/2018
1,8,9780399593598,9.99,Lee Child,No Middle Name,1,Mass Market,2/28/2018
2,3,9780804190145,9.99,Ernest Cline,Ready Player One,2,Mass Market,2/28/2018
3,33,9781101967683,9.99,John Grisham,The Whistler,3,Mass Market,2/28/2018
,1,9781501168918,9.99,Jason Matthews,Red Sparrow,4,Mass Market,2/28/2018
6,9,9781478944782,9.99,James Patterson,Never Never,5,Mass Market,2/28/2018
10,176,9780451524935,9.99,George Orwell,1984,6,Mass Market,2/28/2018
5,32,9780451490049,9.99,Liane Moriarty,The Husband's Secret,7,Mass Market,2/28/2018
4,13,9780062473363,9.99,Michael Crichton,Dragon Teeth,8,Mass Market,2/28/2018
9,5,9781101883938,8.99,Danielle Steel,Against All Odds,9,Mass Market,2/28/2018
8,8,9780451490445,9.99,Liane Moriarty,What Alice Forgot,10,Mass Market,2/28/2018
1,3,9780812985405,17,George Saunders,Lincoln in the Bardo,1,Trade Paperback Fiction,2/28/2018
2,4,9780345804327,16.95,Colson Whitehead,The Underground Railroad,2,Trade Paperback Fiction,2/28/2018
4,15,9781455563920,15.99,Min Jin Lee,Pachinko,3,Trade Paperback Fiction,2/28/2018
3,3,9781501160776,17,Fredrik Backman,Beartown,4,Trade Paperback Fiction,2/28/2018
8,3,9780804190138,16,Ernest Cline,Ready Player One,5,Trade Paperback Fiction,2/28/2018
9,8,9780062563675,16.99,Jessica Shattuck,The Women in the Castle,6,Trade Paperback Fiction,2/28/2018
5,46,9781501132957,16,Ruth Ware,The Woman in Cabin 10,7,Trade Paperback Fiction,2/28/2018
11,21,9781449486792,16.99,Rupi Kaur,The Sun and Her Flowers,8,Trade Paperback Fiction,2/28/2018
7,8,9780399563096,16,Georgia Hunter,We Were the Lucky Ones,9,Trade Paperback Fiction,2/28/2018
,1,9780345544971,17,Jodi Picoult,Small Great Things,10,Trade Paperback Fiction,2/28/2018
10,44,9780525435006,15.95,Margaret Atwood,The Handmaid's Tale,11,Trade Paperback Fiction,2/28/2018
6,47,9781501173219,17,Anthony Doerr,All the Light We Cannot See,12,Trade Paperback Fiction,2/28/2018
14,39,9780735221109,16,Shari Lapena,The Couple Next Door,13,Trade Paperback Fiction,2/28/2018
12,7,9781250169440,17,Andre Aciman,Call Me by Your Name,14,Trade Paperback Fiction,2/28/2018
13,77,9781449474256,14.99,Rupi Kaur,Milk and Honey,15,Trade Paperback Fiction,2/28/2018
1,136,9780762447695,16,Jen Sincero,You Are a Badass,1,Trade Paperback Nonfiction,2/28/2018
,1,9781101911532,16,Michael Finkel,The Stranger in the Woods,2,Trade Paperback Nonfiction,2/28/2018
2,13,9781101912379,20,Peter Frankopan,The Silk Roads,3,Trade Paperback Nonfiction,2/28/2018
3,9,9781501178511,18,Doug Stanton,12 Strong,4,Trade Paperback Nonfiction,2/28/2018
4,36,9781476759739,16,Jonah Berger,Invisible Influence,5,Trade Paperback Nonfiction,2/28/2018
5,25,9781250076229,16,Atul Gawande,Being Mortal,6,Trade Paperback Nonfiction,2/28/2018
6,78,9781633690196,24.95,Harvard Business School Press,HBR's 10 Must Reads on Emotional Intelligence,7,Trade Paperback Nonfiction,2/28/2018
7,58,9781422157992,24.95,Harvard Business School Press,HBR's 10 Must Reads on Managing Yourself,8,Trade Paperback Nonfiction,2/28/2018
8,41,9780553447453,17,Matthew Desmond,Evicted,9,Trade Paperback Nonfiction,2/28/2018
14,49,9780804190114,7.99,Timothy Snyder,On Tyranny,10,Trade Paperback Nonfiction,2/28/2018
12,4,9781591846444,16,Simon Sinek,Start With Why,11,Trade Paperback Nonfiction,2/28/2018
,3,9781591848011,17,Simon Sinek,Leaders Eat Last,12,Trade Paperback Nonfiction,2/28/2018
13,17,9780393354775,16.95,Michael Lewis,The Undoing Project,13,Trade Paperback Nonfiction,2/28/2018
11,24,9781455540013,15.99,Douglas J. Preston,The Lost City of the Monkey God,14,Trade Paperback Nonfiction,2/28/2018
,1,9781501102264,16,Amy Goldstein,Janesville: An American Story,15,Trade Paperback Nonfiction,2/28/2018
,,9780062498533,17.99,Angie Thomas,The Hate U Give,1,Young Adult,2/28/2018
,,9780525555360,19.99,John Green,Turtles All the Way Down,2,Young Adult,2/28/2018
,,9780525581611,10.99,David Levithan,Every Day,3,Young Adult,2/28/2018
,,9780062792167,10.99,Becky Albertalli,Simon vs. the Homo Sapiens Agenda,4,Young Adult,2/28/2018
,,9781626723634,16.99,Jen Wang,The Prince and the Dressmaker,5,Young Adult,2/28/2018
,,9780375815300,22.99,Philip Pullman,The Book of Dust: La Belle Sauvage,6,Young Adult,2/28/2018
,,9781524769604,10.99,Nicola Yoon,"Everything, Everything",7,Young Adult,2/28/2018
,,9780375847110,18.99,Tamora Pierce,Tempests and Slaughter,8,Young Adult,2/28/2018
,,9781524714680,17.99,Karen M. McManus,One of Us Is Lying,9,Young Adult,2/28/2018
,,9780385754729,12.99,Markus Zusak,The Book Thief,10,Young Adult,2/28/2018
,,9781101939499,17.99,Nic Stone,Dear Martin,11,Young Adult,2/28/2018
,,9780142424179,12.99,John Green,The Fault in Our Stars,12,Young Adult,2/28/2018
,,9780399547966,18.99,Marie Lu,Warcross,13,Young Adult,2/28/2018
,,9780316310277,18.99,Holly Black,The Cruel Prince,14,Young Adult,2/28/2018
,,9780553496680,18.99,Nicola Yoon,The Sun Is Also a Star,15,Young Adult,2/28/2018
,,9781250153272,8.99,Madeleine L'Engle,A Wrinkle in Time,1,Early & Middle,2/7/2018
,,9781524720193,16.99,R.J. Palacio,Wonder,2,Early & Middle,2/7/2018
,,9781616205676,16.95,Kelly Barnhill,The Girl Who Drank the Moon,3,Early & Middle,2/7/2018
,,9780316475112,16.99,Vashti Harrison,Little Leaders: Bold Women in Black History,4,Early & Middle,2/7/2018
,,9780147510488,8.99,Kimberly Brubaker Bradley,The War That Saved My Life,5,Early & Middle,2/7/2018
,,9781101934852,16.99,R.J. Palacio,Auggie & Me,6,Early & Middle,2/7/2018
,,9780545540605,10.99,Raina Telgemeier,Sisters,7,Early & Middle,2/7/2018
,,9780545132060,10.99,Raina Telgemeier,Smile,8,Early & Middle,2/7/2018
,,9780525429999,12.99,Victoria Jamieson,All's Faire in Middle School,9,Early & Middle,2/7/2018
,,9780525429203,16.99,Kimberly Brubaker Bradley,The War I Finally Won,10,Early & Middle,2/7/2018
,,9780545326995,10.99,Raina Telgemeier,Drama,11,Early & Middle,2/7/2018
,,9781250043221,16.99,Katherine Applegate,Wishtree,12,Early & Middle,2/7/2018
,,9780316514392,21.99,Pete Souza,Dream Big Dreams: Photographs from Barack Obama's Inspiring and Historic Presidency,13,Early & Middle,2/7/2018
,,9780061992278,7.99,Katherine Applegate,The One and Only Ivan,14,Early & Middle,2/7/2018
,,9781481486293,9.99,Gary Paulsen,Hatchet,15,Early & Middle,2/7/2018
2,5,9780062678416,26.99,A.J. Finn,The Woman in the Window,1,Hardcover Fiction,2/7/2018
1,4,9780735213180,26,Chloe Benjamin,The Immortalists,2,Hardcover Fiction,2/7/2018
3,74,9780670026197,27,Amor Towles,A Gentleman in Moscow,3,Hardcover Fiction,2/7/2018
5,18,9781501126062,26,Jesmyn Ward,"Sing, Unburied, Sing",4,Hardcover Fiction,2/7/2018
4,21,9780735224292,27,Celeste Ng,Little Fires Everywhere,5,Hardcover Fiction,2/7/2018
,1,9780399562457,27,Jojo Moyes,Still Me,6,Hardcover Fiction,2/7/2018
6,18,9780385514231,29.95,Dan Brown,Origin,7,Hardcover Fiction,2/7/2018
10,4,9781250130921,26.99,Greer Hendricks,The Wife Between Us,8,Hardcover Fiction,2/7/2018
9,5,9780316547611,26,Naomi Alderman,The Power,9,Hardcover Fiction,2/7/2018
8,18,9781476716732,27,Jennifer Egan,Manhattan Beach,10,Hardcover Fiction,2/7/2018
7,12,9780553448122,27,Andy Weir,Artemis,11,Hardcover Fiction,2/7/2018
12,3,9780812988635,27,Denis Johnson,The Largesse of the Sea Maiden,12,Hardcover Fiction,2/7/2018
11,15,9780385541176,28.95,John Grisham,The Rooster Bar,13,Hardcover Fiction,2/7/2018
,1,9780345539991,26,Alan Bradley,The Grave's a Fine and Private Place,14,Hardcover Fiction,2/7/2018
13,40,9780812995343,28,George Saunders,Lincoln in the Bardo,15,Hardcover Fiction,2/7/2018
1,5,9781250158062,30,Michael Wolff,Fire and Fury,1,Hardcover Nonfiction,2/7/2018
2,40,9780393609394,18.95,Neil deGrasse Tyson,Astrophysics for People in a Hurry,2,Hardcover Nonfiction,2/7/2018
3,44,9780062457714,24.99,Mark Manson,The Subtle Art of Not Giving A F*ck,3,Hardcover Nonfiction,2/7/2018
4,16,9781501139154,35,Walter Isaacson,Leonardo da Vinci,4,Hardcover Nonfiction,2/7/2018
15,31,9780385534246,28.95,David Grann,Killers of the Flower Moon,5,Hardcover Nonfiction,2/7/2018
10,4,9780735210622,28,Daniel H. Pink,When,6,Hardcover Nonfiction,2/7/2018
,1,9781101947319,28.95,Dave Eggers,The Monk of Mokha,7,Hardcover Nonfiction,2/7/2018
5,6,9781501181825,26,Tiffany Haddish,The Last Black Unicorn,8,Hardcover Nonfiction,2/7/2018
9,11,9781501124020,30,Ray Dalio,Principles,9,Hardcover Nonfiction,2/7/2018
6,75,9780062300546,27.99,J.D. Vance,Hillbilly Elegy,10,Hardcover Nonfiction,2/7/2018
7,2,9781524762933,26,Steven Levitsky,How Democracies Die,11,Hardcover Nonfiction,2/7/2018
12,8,9781631494758,15.95,Mary Beard,Women & Power,12,Hardcover Nonfiction,2/7/2018
8,46,9780399185045,26,The Dalai Lama,The Book of Joy,13,Hardcover Nonfiction,2/7/2018
11,3,9781501173240,18.99,Margareta Magnusson,The Gentle Art of Swedish Death Cleaning,14,Hardcover Nonfiction,2/7/2018
13,17,9781594204876,40,Ron Chernow,Grant,15,Hardcover Nonfiction,2/7/2018
1,5,9780399593598,9.99,Lee Child,No Middle Name,1,Mass Market,2/7/2018
2,30,9781101967683,9.99,John Grisham,The Whistler,2,Mass Market,2/7/2018
3,10,9780062473363,9.99,Michael Crichton,Dragon Teeth,3,Mass Market,2/7/2018
5,6,9781478944782,9.99,James Patterson,Never Never,4,Mass Market,2/7/2018
4,6,9781501179952,9.99,Doug Stanton,12 Strong,5,Mass Market,2/7/2018
9,2,9781101883938,8.99,Danielle Steel,Against All Odds,6,Mass Market,2/7/2018
,1,9780143131830,9.99,Brian Kilmeade,Thomas Jefferson and the Tripoli Pirates,7,Mass Market,2/7/2018
7,29,9780451490049,9.99,Liane Moriarty,The Husband's Secret,8,Mass Market,2/7/2018
10,5,9780451490445,9.99,Liane Moriarty,What Alice Forgot,9,Mass Market,2/7/2018
8,4,9781250058461,9.99,Steve Berry,The Lost Order,10,Mass Market,2/7/2018
,1,9780345804327,16.95,Colson Whitehead,The Underground Railroad,1,Trade Paperback Fiction,2/7/2018
1,12,9781455563920,15.99,Min Jin Lee,Pachinko,2,Trade Paperback Fiction,2/7/2018
2,5,9780062563675,16.99,Jessica Shattuck,The Women in the Castle,3,Trade Paperback Fiction,2/7/2018
3,44,9781501173219,17,Anthony Doerr,All the Light We Cannot See,4,Trade Paperback Fiction,2/7/2018
6,41,9780525435006,15.95,Margaret Atwood,The Handmaid's Tale,5,Trade Paperback Fiction,2/7/2018
4,5,9780399563096,16,Georgia Hunter,We Were the Lucky Ones,6,Trade Paperback Fiction,2/7/2018
5,43,9781501132957,16,Ruth Ware,The Woman in Cabin 10,7,Trade Paperback Fiction,2/7/2018
7,18,9781449486792,16.99,Rupi Kaur,The Sun and Her Flowers,8,Trade Paperback Fiction,2/7/2018
9,3,9780143132172,16,Leeila Slimani,The Perfect Nanny,9,Trade Paperback Fiction,2/7/2018
10,49,9781101883082,17,Martha Hall Kelly,Lilac Girls,10,Trade Paperback Fiction,2/7/2018
12,36,9780735221109,16,Shari Lapena,The Couple Next Door,11,Trade Paperback Fiction,2/7/2018
13,4,9781250169440,17,Andre Aciman,Call Me by Your Name,12,Trade Paperback Fiction,2/7/2018
11,74,9781449474256,14.99,Rupi Kaur,Milk and Honey,13,Trade Paperback Fiction,2/7/2018
15,4,9781101973486,16,Peter Heller,Celine,14,Trade Paperback Fiction,2/7/2018
14,30,9781250132369,16.99,B.A. Paris,Behind Closed Doors,15,Trade Paperback Fiction,2/7/2018
1,133,9780762447695,16,Jen Sincero,You Are a Badass,1,Trade Paperback Nonfiction,2/7/2018
3,10,9781101912379,20,Peter Frankopan,The Silk Roads,2,Trade Paperback Nonfiction,2/7/2018
2,6,9781501178511,18,Doug Stanton,12 Strong,3,Trade Paperback Nonfiction,2/7/2018
4,21,9781455540013,15.99,Douglas J. Preston,The Lost City of the Monkey God,4,Trade Paperback Nonfiction,2/7/2018
5,22,9781250076229,16,Atul Gawande,Being Mortal,5,Trade Paperback Nonfiction,2/7/2018
8,75,9781633690196,24.95,Harvard Business School Press,HBR's 10 Must Reads on Emotional Intelligence,6,Trade Paperback Nonfiction,2/7/2018
6,33,9781476759739,16,Jonah Berger,Invisible Influence,7,Trade Paperback Nonfiction,2/7/2018
7,55,9781422157992,24.95,Harvard Business School Press,HBR's 10 Must Reads on Managing Yourself,8,Trade Paperback Nonfiction,2/7/2018
10,14,9780393354775,16.95,Michael Lewis,The Undoing Project,9,Trade Paperback Nonfiction,2/7/2018
11,38,9780553447453,17,Matthew Desmond,Evicted,10,Trade Paperback Nonfiction,2/7/2018
12,47,9780804190114,7.99,Timothy Snyder,On Tyranny,11,Trade Paperback Nonfiction,2/7/2018
9,16,9781476796024,17,Alexandra Horowitz,Being a Dog,12,Trade Paperback Nonfiction,2/7/2018
,1,9781591848011,17,Simon Sinek,Leaders Eat Last,13,Trade Paperback Nonfiction,2/7/2018
,1,9780812985795,18,Sheelah Kolhatkar,Black Edge,14,Trade Paperback Nonfiction,2/7/2018
,1,9781591846444,16,Simon Sinek,Start With Why,15,Trade Paperback Nonfiction,2/7/2018
,,9780062498533,17.99,Angie Thomas,The Hate U Give,1,Young Adult,2/7/2018
,,9780525555360,19.99,John Green,Turtles All the Way Down,2,Young Adult,2/7/2018
,,9781250147905,16.99,Melissa Albert,The Hazel Wood,3,Young Adult,2/7/2018
,,9780375815300,22.99,Philip Pullman,The Book of Dust: La Belle Sauvage,4,Young Adult,2/7/2018
,,9780062792167,10.99,Becky Albertalli,Simon vs. the Homo Sapiens Agenda,5,Young Adult,2/7/2018
,,9780525581611,10.99,David Levithan,Every Day,6,Young Adult,2/7/2018
,,9780142423622,10.99,Ruta Sepetys,Salt to the Sea,7,Young Adult,2/7/2018
,,9780316310277,18.99,Holly Black,The Cruel Prince,8,Young Adult,2/7/2018
,,9780385754729,12.99,Markus Zusak,The Book Thief,9,Young Adult,2/7/2018
,,9781250044662,19.99,Marissa Meyer,Renegades,10,Young Adult,2/7/2018
,,9781524769604,10.99,Nicola Yoon,"Everything, Everything",11,Young Adult,2/7/2018
,,9781101939499,17.99,Nic Stone,Dear Martin,12,Young Adult,2/7/2018
,,9780544340688,9.99,Lois Lowry,The Giver,13,Young Adult,2/7/2018
,,9781524714680,17.99,Karen M. McManus,One of Us Is Lying,14,Young Adult,2/7/2018
,,9780142424179,12.99,John Green,The Fault in Our Stars,15,Young Adult,2/7/2018
,,9781250153272,8.99,Madeleine L'Engle,A Wrinkle in Time,1,Early & Middle,2/21/2018
,,9781524720193,16.99,R.J. Palacio,Wonder,2,Early & Middle,2/21/2018
,,9781616205676,16.95,Kelly Barnhill,The Girl Who Drank the Moon,3,Early & Middle,2/21/2018
,,9781101934852,16.99,R.J. Palacio,Auggie & Me,4,Early & Middle,2/21/2018
,,9780062414151,16.99,Erin Entrada Kelly & Isabel Roxas (Illus.),"Hello, Universe",5,Early & Middle,2/21/2018
,,9780525429999,12.99,Victoria Jamieson,All's Faire in Middle School,6,Early & Middle,2/21/2018
,,9780545326995,10.99,Raina Telgemeier,Drama,7,Early & Middle,2/21/2018
,,9780545540605,10.99,Raina Telgemeier,Sisters,8,Early & Middle,2/21/2018
,,9781250043221,16.99,Katherine Applegate,Wishtree,9,Early & Middle,2/21/2018
,,9780147510488,8.99,Kimberly Brubaker Bradley,The War That Saved My Life,10,Early & Middle,2/21/2018
,,9780545132060,10.99,Raina Telgemeier,Smile,11,Early & Middle,2/21/2018
,,9781484787649,16.99,Ronald L. Smith,Black Panther: The Young Prince,12,Early & Middle,2/21/2018
,,9780316413206,6.99,Jim McCann,Black Panther: The Young Prince,13,Early & Middle,2/21/2018
,,9780545540629,10.99,Raina Telgemeier,Ghosts,14,Early & Middle,2/21/2018
,,9780803740167,12.99,Victoria Jamieson,Roller Girl,15,Early & Middle,2/21/2018
2,2,9781616208776,26.95,Tayari Jones,An American Marriage,1,Hardcover Fiction,2/21/2018
1,2,9780312577230,28.99,Kristin Hannah,The Great Alone,2,Hardcover Fiction,2/21/2018
3,7,9780062678416,26.99,A.J. Finn,The Woman in the Window,3,Hardcover Fiction,2/21/2018
6,23,9780735224292,27,Celeste Ng,Little Fires Everywhere,4,Hardcover Fiction,2/21/2018
4,76,9780670026197,27,Amor Towles,A Gentleman in Moscow,5,Hardcover Fiction,2/21/2018
5,6,9780735213180,26,Chloe Benjamin,The Immortalists,6,Hardcover Fiction,2/21/2018
7,20,9781501126062,26,Jesmyn Ward,"Sing, Unburied, Sing",7,Hardcover Fiction,2/21/2018
9,20,9780385514231,29.95,Dan Brown,Origin,8,Hardcover Fiction,2/21/2018
8,3,9780399562457,27,Jojo Moyes,Still Me,9,Hardcover Fiction,2/21/2018
11,7,9780316547611,26,Naomi Alderman,The Power,10,Hardcover Fiction,2/21/2018
14,20,9781476716732,27,Jennifer Egan,Manhattan Beach,11,Hardcover Fiction,2/21/2018
,1,9780812995664,27,Amy Bloom,White Houses,12,Hardcover Fiction,2/21/2018
10,6,9781250130921,26.99,Greer Hendricks,The Wife Between Us,13,Hardcover Fiction,2/21/2018
12,17,9780385541176,28.95,John Grisham,The Rooster Bar,14,Hardcover Fiction,2/21/2018
,1,9780525522874,26,Matt Haig,How to Stop Time,15,Hardcover Fiction,2/21/2018
1,7,9781250158062,30,Michael Wolff,Fire and Fury,1,Hardcover Nonfiction,2/21/2018
2,42,9780393609394,18.95,Neil deGrasse Tyson,Astrophysics for People in a Hurry,2,Hardcover Nonfiction,2/21/2018
3,46,9780062457714,24.99,Mark Manson,The Subtle Art of Not Giving A F*ck,3,Hardcover Nonfiction,2/21/2018
6,3,9781101947319,28.95,Dave Eggers,The Monk of Mokha,4,Hardcover Nonfiction,2/21/2018
5,8,9781501181825,26,Tiffany Haddish,The Last Black Unicorn,5,Hardcover Nonfiction,2/21/2018
,1,9780525427575,35,Steven Pinker,Enlightenment Now,6,Hardcover Nonfiction,2/21/2018
4,18,9781501139154,35,Walter Isaacson,Leonardo da Vinci,7,Hardcover Nonfiction,2/21/2018
,1,9780345816023,25.95,Jordan B. Peterson,12 Rules for Life,8,Hardcover Nonfiction,2/21/2018
11,77,9780062300546,27.99,J.D. Vance,Hillbilly Elegy,9,Hardcover Nonfiction,2/21/2018
14,48,9780399185045,26,The Dalai Lama,The Book of Joy,10,Hardcover Nonfiction,2/21/2018
8,9,9780316512589,50,Pete Souza,Obama: An Intimate Portrait,11,Hardcover Nonfiction,2/21/2018
7,33,9780385534246,28.95,David Grann,Killers of the Flower Moon,12,Hardcover Nonfiction,2/21/2018
10,4,9781524762933,26,Steven Levitsky,How Democracies Die,13,Hardcover Nonfiction,2/21/2018
9,13,9781501124020,30,Ray Dalio,Principles,14,Hardcover Nonfiction,2/21/2018
12,6,9780735210622,28,Daniel H. Pink,When,15,Hardcover Nonfiction,2/21/2018
1,7,9780399593598,9.99,Lee Child,No Middle Name,1,Mass Market,2/21/2018
2,2,9780804190145,9.99,Ernest Cline,Ready Player One,2,Mass Market,2/21/2018
3,32,9781101967683,9.99,John Grisham,The Whistler,3,Mass Market,2/21/2018
5,12,9780062473363,9.99,Michael Crichton,Dragon Teeth,4,Mass Market,2/21/2018
6,31,9780451490049,9.99,Liane Moriarty,The Husband's Secret,5,Mass Market,2/21/2018
4,8,9781478944782,9.99,James Patterson,Never Never,6,Mass Market,2/21/2018
,7,9781501179952,9.99,Doug Stanton,12 Strong,7,Mass Market,2/21/2018
9,7,9780451490445,9.99,Liane Moriarty,What Alice Forgot,8,Mass Market,2/21/2018
7,4,9781101883938,8.99,Danielle Steel,Against All Odds,9,Mass Market,2/21/2018
,175,9780451524935,9.99,George Orwell,1984,10,Mass Market,2/21/2018
2,2,9780812985405,17,George Saunders,Lincoln in the Bardo,1,Trade Paperback Fiction,2/21/2018
1,3,9780345804327,16.95,Colson Whitehead,The Underground Railroad,2,Trade Paperback Fiction,2/21/2018
7,2,9781501160776,17,Fredrik Backman,Beartown,3,Trade Paperback Fiction,2/21/2018
3,14,9781455563920,15.99,Min Jin Lee,Pachinko,4,Trade Paperback Fiction,2/21/2018
5,45,9781501132957,16,Ruth Ware,The Woman in Cabin 10,5,Trade Paperback Fiction,2/21/2018
8,46,9781501173219,17,Anthony Doerr,All the Light We Cannot See,6,Trade Paperback Fiction,2/21/2018
6,7,9780399563096,16,Georgia Hunter,We Were the Lucky Ones,7,Trade Paperback Fiction,2/21/2018
10,2,9780804190138,16,Ernest Cline,Ready Player One,8,Trade Paperback Fiction,2/21/2018
4,7,9780062563675,16.99,Jessica Shattuck,The Women in the Castle,9,Trade Paperback Fiction,2/21/2018
9,43,9780525435006,15.95,Margaret Atwood,The Handmaid's Tale,10,Trade Paperback Fiction,2/21/2018
12,20,9781449486792,16.99,Rupi Kaur,The Sun and Her Flowers,11,Trade Paperback Fiction,2/21/2018
15,6,9781250169440,17,Andre Aciman,Call Me by Your Name,12,Trade Paperback Fiction,2/21/2018
13,76,9781449474256,14.99,Rupi Kaur,Milk and Honey,13,Trade Paperback Fiction,2/21/2018
11,38,9780735221109,16,Shari Lapena,The Couple Next Door,14,Trade Paperback Fiction,2/21/2018
,4,9780143132172,16,Leila Slimani,The Perfect Nanny,15,Trade Paperback Fiction,2/21/2018
1,135,9780762447695,16,Jen Sincero,You Are a Badass,1,Trade Paperback Nonfiction,2/21/2018
2,12,9781101912379,20,Peter Frankopan,The Silk Roads,2,Trade Paperback Nonfiction,2/21/2018
3,8,9781501178511,18,Doug Stanton,12 Strong,3,Trade Paperback Nonfiction,2/21/2018
4,35,9781476759739,16,Jonah Berger,Invisible Influence,4,Trade Paperback Nonfiction,2/21/2018
5,24,9781250076229,16,Atul Gawande,Being Mortal,5,Trade Paperback Nonfiction,2/21/2018
7,77,9781633690196,24.95,Harvard Business School Press,HBR's 10 Must Reads on Emotional Intelligence,6,Trade Paperback Nonfiction,2/21/2018
8,57,9781422157992,24.95,Harvard Business School Press,HBR's 10 Must Reads on Managing Yourself,7,Trade Paperback Nonfiction,2/21/2018
9,40,9780553447453,17,Matthew Desmond,Evicted,8,Trade Paperback Nonfiction,2/21/2018
13,21,9781937006884,9.95,Thich Nhat Hanh,How to Love,9,Trade Paperback Nonfiction,2/21/2018
14,3,9780812985795,18,Sheelah Kolhatkar,Black Edge,10,Trade Paperback Nonfiction,2/21/2018
6,23,9781455540013,15.99,Douglas J. Preston,The Lost City of the Monkey God,11,Trade Paperback Nonfiction,2/21/2018
11,3,9781591846444,16,Simon Sinek,Start With Why,12,Trade Paperback Nonfiction,2/21/2018
10,16,9780393354775,16.95,Michael Lewis,The Undoing Project,13,Trade Paperback Nonfiction,2/21/2018
,48,9780804190114,7.99,Timothy Snyder,On Tyranny,14,Trade Paperback Nonfiction,2/21/2018
,80,9781101911761,7.95,Chimamanda Ngozi Adichie,We Should All Be Feminists,15,Trade Paperback Nonfiction,2/21/2018
,,9780062498533,17.99,Angie Thomas,The Hate U Give,1,Young Adult,2/21/2018
,,9780525555360,19.99,John Green,Turtles All the Way Down,2,Young Adult,2/21/2018
,,9780525581611,10.99,David Levithan,Every Day,3,Young Adult,2/21/2018
,,9780062792167,10.99,Becky Albertalli,Simon vs. the Homo Sapiens Agenda,4,Young Adult,2/21/2018
,,9780375847110,18.99,Tamora Pierce,Tempests and Slaughter,5,Young Adult,2/21/2018
,,9780375815300,22.99,Philip Pullman,The Book of Dust: La Belle Sauvage,6,Young Adult,2/21/2018
,,9781626723634,16.99,Jen Wang,The Prince and the Dressmaker,7,Young Adult,2/21/2018
,,9780316310277,18.99,Holly Black,The Cruel Prince,8,Young Adult,2/21/2018
,,9780525425892,17.99,Nina LaCour,We Are Okay,9,Young Adult,2/21/2018
,,9780142423622,10.99,Ruta Sepetys,Salt to the Sea,10,Young Adult,2/21/2018
,,9781481438254,17.99,Jason Reynolds,Long Way Down,11,Young Adult,2/21/2018
,,9781524769604,10.99,Nicola Yoon,"Everything, Everything",12,Young Adult,2/21/2018
,,9780142424179,12.99,John Green,The Fault in Our Stars,13,Young Adult,2/21/2018
,,9780385754729,12.99,Markus Zusak,The Book Thief,14,Young Adult,2/21/2018
,,9781101939499,17.99,Nic Stone,Dear Martin,15,Young Adult,2/21/2018
,,9781250153272,8.99,Madeleine L'Engle,A Wrinkle in Time,1,Early & Middle,3/7/2018
,,9781524720193,16.99,R.J. Palacio,Wonder,2,Early & Middle,3/7/2018
,,9780062414151,16.99,Erin Entrada Kelly & Isabel Roxas (Illus.),"Hello, Universe",3,Early & Middle,3/7/2018
,,9781338180619,16.99,Brian Selznick,"Baby Monkey, Private Eye",4,Early & Middle,3/7/2018
,,9781101934852,16.99,R.J. Palacio,Auggie & Me,5,Early & Middle,3/7/2018
,,9781484787649,16.99,Ronald L. Smith,Black Panther: The Young Prince,6,Early & Middle,3/7/2018
,,9781616205676,16.95,Kelly Barnhill,The Girl Who Drank the Moon,7,Early & Middle,3/7/2018
,,9780316413206,6.99,Jim McCann,Marvel's Black Panther: The Junior Novel,8,Early & Middle,3/7/2018
,,9780545326995,10.99,Raina Telgemeier,Drama,9,Early & Middle,3/7/2018
,,9780147510488,8.99,Kimberly Brubaker Bradley,The War That Saved My Life,10,Early & Middle,3/7/2018
,,9780312368548,6.99,Madeleine L'Engle,A Wind in the Door,11,Early & Middle,3/7/2018
,,9781250043221,16.99,Katherine Applegate,Wishtree,12,Early & Middle,3/7/2018
,,9780545540629,10.99,Raina Telgemeier,Ghosts,13,Early & Middle,3/7/2018
,,9780545540605,10.99,Raina Telgemeier,Sisters,14,Early & Middle,3/7/2018
,,9780545132060,10.99,Raina Telgemeier,Smile,15,Early & Middle,3/7/2018
2,4,9780312577230,28.99,Kristin Hannah,The Great Alone,1,Hardcover Fiction,3/7/2018
1,4,9781616208776,26.95,Tayari Jones,An American Marriage,2,Hardcover Fiction,3/7/2018
5,25,9780735224292,27,Celeste Ng,Little Fires Everywhere,3,Hardcover Fiction,3/7/2018
3,9,9780062678416,26.99,A.J. Finn,The Woman in the Window,4,Hardcover Fiction,3/7/2018
4,78,9780670026197,27,Amor Towles,A Gentleman in Moscow,5,Hardcover Fiction,3/7/2018
6,8,9780735213180,26,Chloe Benjamin,The Immortalists,6,Hardcover Fiction,3/7/2018
10,22,9780385514231,29.95,Dan Brown,Origin,7,Hardcover Fiction,3/7/2018
7,22,9781501126062,26,Jesmyn Ward,"Sing, Unburied, Sing",8,Hardcover Fiction,3/7/2018
8,9,9780316547611,26,Naomi Alderman,The Power,9,Hardcover Fiction,3/7/2018
,1,9780062797193,26.99,David Mamet,Chicago,10,Hardcover Fiction,3/7/2018
9,5,9780399562457,27,Jojo Moyes,Still Me,11,Hardcover Fiction,3/7/2018
13,3,9780812995664,27,Amy Bloom,White Houses,12,Hardcover Fiction,3/7/2018
11,3,9780525522874,26,Matt Haig,How to Stop Time,13,Hardcover Fiction,3/7/2018
12,22,9781476716732,27,Jennifer Egan,Manhattan Beach,14,Hardcover Fiction,3/7/2018
,7,9781250130921,26.99,Greer Hendricks,The Wife Between Us,15,Hardcover Fiction,3/7/2018
1,9,9781250158062,30,Michael Wolff,Fire and Fury,1,Hardcover Nonfiction,3/7/2018
4,2,9780399590504,28,Tara Westover,Educated,2,Hardcover Nonfiction,3/7/2018
3,48,9780062457714,24.99,Mark Manson,The Subtle Art of Not Giving A F*ck,3,Hardcover Nonfiction,3/7/2018
2,44,9780393609394,18.95,Neil deGrasse Tyson,Astrophysics for People in a Hurry,4,Hardcover Nonfiction,3/7/2018
,1,9780525522607,20,Maria Shriver,I've Been Thinking . . .,5,Hardcover Nonfiction,3/7/2018
5,3,9780525427575,35,Steven Pinker,Enlightenment Now,6,Hardcover Nonfiction,3/7/2018
13,11,9780316512589,50,Pete Souza,Obama: An Intimate Portrait,7,Hardcover Nonfiction,3/7/2018
10,35,9780385534246,28.95,David Grann,Killers of the Flower Moon,8,Hardcover Nonfiction,3/7/2018
7,3,9780345816023,25.95,Jordan B. Peterson,12 Rules for Life,9,Hardcover Nonfiction,3/7/2018
8,10,9781501181825,26,Tiffany Haddish,The Last Black Unicorn,10,Hardcover Nonfiction,3/7/2018
6,20,9781501139154,35,Walter Isaacson,Leonardo da Vinci,11,Hardcover Nonfiction,3/7/2018
11,15,9781501124020,30,Ray Dalio,Principles,12,Hardcover Nonfiction,3/7/2018
,1,9780385542760,29.95,Michio Kaku,"The Future of Humanity: Terraforming Mars, Interstellar Travel, Immortality, and Our Destiny Beyond Earth",13,Hardcover Nonfiction,3/7/2018
,1,9780062319784,27.99,Michelle McNamara,I'll Be Gone in the Dark,14,Hardcover Nonfiction,3/7/2018
9,79,9780062300546,27.99,J.D. Vance,Hillbilly Elegy,15,Hardcover Nonfiction,3/7/2018
1,4,9780812985405,17,George Saunders,Lincoln in the Bardo,1,Trade Paperback Fiction,3/7/2018
2,5,9780345804327,16.95,Colson Whitehead,The Underground Railroad,2,Trade Paperback Fiction,3/7/2018
3,16,9781455563920,15.99,Min Jin Lee,Pachinko,3,Trade Paperback Fiction,3/7/2018
10,2,9780345544971,17,Jodi Picoult,Small Great Things,4,Trade Paperback Fiction,3/7/2018
5,4,9780804190138,16,Ernest Cline,Ready Player One,5,Trade Paperback Fiction,3/7/2018
,1,9780374537159,14,Jeff VanderMeer,Annihilation,6,Trade Paperback Fiction,3/7/2018
4,4,9781501160776,17,Fredrik Backman,Beartown,7,Trade Paperback Fiction,3/7/2018
7,47,9781501132957,16,Ruth Ware,The Woman in Cabin 10,8,Trade Paperback Fiction,3/7/2018
,1,9780735212206,16,Mohsin Hamid,Exit West,9,Trade Paperback Fiction,3/7/2018
9,9,9780399563096,16,Georgia Hunter,We Were the Lucky Ones,10,Trade Paperback Fiction,3/7/2018
14,8,9781250169440,17,Andre Aciman,Call Me by Your Name,11,Trade Paperback Fiction,3/7/2018
6,9,9780062563675,16.99,Jessica Shattuck,The Women in the Castle,12,Trade Paperback Fiction,3/7/2018
12,48,9781501173219,17,Anthony Doerr,All the Light We Cannot See,13,Trade Paperback Fiction,3/7/2018
,1,9781501171574,17,Jason Matthews,Red Sparrow,14,Trade Paperback Fiction,3/7/2018
15,78,9781449474256,14.99,Rupi Kaur,Milk and Honey,15,Trade Paperback Fiction,3/7/2018
1,137,9780762447695,16,Jen Sincero,You Are a Badass,1,Trade Paperback Nonfiction,3/7/2018
2,2,9781101911532,16,Michael Finkel,The Stranger in the Woods,2,Trade Paperback Nonfiction,3/7/2018
3,14,9781101912379,20,Peter Frankopan,The Silk Roads,3,Trade Paperback Nonfiction,3/7/2018
4,10,9781501178511,18,Doug Stanton,12 Strong,4,Trade Paperback Nonfiction,3/7/2018
5,37,9781476759739,16,Jonah Berger,Invisible Influence,5,Trade Paperback Nonfiction,3/7/2018
7,79,9781633690196,24.95,Harvard Business School Press,HBR's 10 Must Reads on Emotional Intelligence,6,Trade Paperback Nonfiction,3/7/2018
6,26,9781250076229,16,Atul Gawande,Being Mortal,7,Trade Paperback Nonfiction,3/7/2018
8,59,9781422157992,24.95,Harvard Business School Press,HBR's 10 Must Reads on Managing Yourself,8,Trade Paperback Nonfiction,3/7/2018
14,25,9781455540013,15.99,Douglas J. Preston,The Lost City of the Monkey God,9,Trade Paperback Nonfiction,3/7/2018
9,42,9780553447453,17,Matthew Desmond,Evicted,10,Trade Paperback Nonfiction,3/7/2018
10,50,9780804190114,7.99,Timothy Snyder,On Tyranny,11,Trade Paperback Nonfiction,3/7/2018
,1,9781250119032,16,Giles Milton,Churchill's Ministry of Ungentlemanly Warfare: The Mavericks Who Plotted Hitler's Defeat,12,Trade Paperback Nonfiction,3/7/2018
11,5,9781591846444,16,Simon Sinek,Start With Why,13,Trade Paperback Nonfiction,3/7/2018
,1,9780316256582,16.99,Amy Cuddy,Presence: Bringing Your Boldest Self to Your Biggest Challenges,14,Trade Paperback Nonfiction,3/7/2018
11,15,9781878424310,12.95,Don Miguel Ruiz,The Four Agreements,15,Trade Paperback Nonfiction,3/7/2018
1,9,9780399593598,9.99,Lee Child,No Middle Name,1,Mass Market,3/7/2018
4,2,9781501168918,9.99,Jason Matthews,Red Sparrow,2,Mass Market,3/7/2018
3,34,9781101967683,9.99,John Grisham,The Whistler,3,Mass Market,3/7/2018
,1,9781455586585,9.99,David Baldacci,The Fix,4,Mass Market,3/7/2018
2,4,9780804190145,9.99,Ernest Cline,Ready Player One,5,Mass Market,3/7/2018
5,10,9781478944782,9.99,James Patterson,Never Never,6,Mass Market,3/7/2018
7,33,9780451490049,9.99,Liane Moriarty,The Husband's Secret,7,Mass Market,3/7/2018
8,14,9780062473363,9.99,Michael Crichton,Dragon Teeth,8,Mass Market,3/7/2018
,3,9780143131830,9.99,Brian Kilmeade,Thomas Jefferson and the Tripoli Pirates,9,Mass Market,3/7/2018
,1,9780399575624,9.99,Clive Cussler,The Cutthroat,10,Mass Market,3/7/2018
,,9780062498533,17.99,Angie Thomas,The Hate U Give,1,Young Adult,3/7/2018
,,9780525555360,19.99,John Green,Turtles All the Way Down,2,Young Adult,3/7/2018
,,9780062792167,10.99,Becky Albertalli,Simon vs. the Homo Sapiens Agenda,3,Young Adult,3/7/2018
,,9780525581611,10.99,David Levithan,Every Day,4,Young Adult,3/7/2018
,,9780375815300,22.99,Philip Pullman,The Book of Dust: La Belle Sauvage,5,Young Adult,3/7/2018
,,9781524769604,10.99,Nicola Yoon,"Everything, Everything",6,Young Adult,3/7/2018
,,9780375847110,18.99,Tamora Pierce,Tempests and Slaughter,7,Young Adult,3/7/2018
,,9781626723634,16.99,Jen Wang,The Prince and the Dressmaker,8,Young Adult,3/7/2018
,,9781101931288,18.99,Rachel Hartman,Tess of the Road,9,Young Adult,3/7/2018
,,9780142424179,12.99,John Green,The Fault in Our Stars,10,Young Adult,3/7/2018
,,9780385754729,12.99,Markus Zusak,The Book Thief,11,Young Adult,3/7/2018
,,9780553496680,18.99,Nicola Yoon,The Sun Is Also a Star,12,Young Adult,3/7/2018
,,9780316310277,18.99,Holly Black,The Cruel Prince,13,Young Adult,3/7/2018
,,9780525425892,17.99,Nina LaCour,We Are Okay,14,Young Adult,3/7/2018
,,9781250044662,19.99,Marissa Meyer,Renegades,15,Young Adult,3/7/2018
,,9781524720193,16.99,R.J. Palacio,Wonder,1,Early & Middle,1/3/2018
,,9781250153272,8.99,Madeleine L'Engle,A Wrinkle in Time,2,Early & Middle,1/3/2018
,,9781101934852,16.99,R.J. Palacio,Auggie & Me,3,Early & Middle,1/3/2018
,,9781616205676,16.95,Kelly Barnhill,The Girl Who Drank the Moon,4,Early & Middle,1/3/2018
,,9780525429999,12.99,Victoria Jamieson,All's Faire in Middle School,5,Early & Middle,1/3/2018
,,9780545326995,10.99,Raina Telgemeier,Drama,6,Early & Middle,1/3/2018
,,9781465455512,22.99,Pablo Hidalgo,Star Wars the Last Jedi: The Visual Dictionary,7,Early & Middle,1/3/2018
,,9780545132060,10.99,Raina Telgemeier,Smile,8,Early & Middle,1/3/2018
,,9780147510488,8.99,Kimberly Brubaker Bradley,The War That Saved My Life,9,Early & Middle,1/3/2018
,,9780545540629,10.99,Raina Telgemeier,Ghosts,10,Early & Middle,1/3/2018
,,9781250043221,16.99,Katherine Applegate,Wishtree,11,Early & Middle,1/3/2018
,,9780399559181,9.99,R.J. Palacio,365 Days of Wonder: Mr. Browne's Precepts,12,Early & Middle,1/3/2018
,,9780316508889,17.99,Jessica Townsend,Nevermoor: The Trials of Morrigan Crow,13,Early & Middle,1/3/2018
,,9780545540605,10.99,Raina Telgemeier,Sisters,14,Early & Middle,1/3/2018
,,9780316514392,21.99,Pete Souza,Dream Big Dreams: Photographs from Barack Obama's Inspiring and Historic Presidency,15,Early & Middle,1/3/2018
,,9781250153272,8.99,Madeleine L'Engle,A Wrinkle in Time,1,Early & Middle,1/10/2018
,,9781524720193,16.99,R.J. Palacio,Wonder,2,Early & Middle,1/10/2018
,,9781101934852,16.99,R.J. Palacio,Auggie & Me,3,Early & Middle,1/10/2018
,,9781616205676,16.95,Kelly Barnhill,The Girl Who Drank the Moon,4,Early & Middle,1/10/2018
,,9780525429999,12.99,Victoria Jamieson,All's Faire in Middle School,5,Early & Middle,1/10/2018
,,9780545326995,10.99,Raina Telgemeier,Drama,6,Early & Middle,1/10/2018
,,9780147510488,8.99,Kimberly Brubaker Bradley,The War That Saved My Life,7,Early & Middle,1/10/2018
,,9780545132060,10.99,Raina Telgemeier,Smile,8,Early & Middle,1/10/2018
,,9780399559181,9.99,R.J. Palacio,365 Days of Wonder: Mr. Browne's Precepts,9,Early & Middle,1/10/2018
,,9780545540605,10.99,Raina Telgemeier,Sisters,10,Early & Middle,1/10/2018
,,9780316514392,21.99,Pete Souza,Dream Big Dreams: Photographs from Barack Obama's Inspiring and Historic Presidency,11,Early & Middle,1/10/2018
,,9780525429203,16.99,Kimberly Brubaker Bradley,The War I Finally Won,12,Early & Middle,1/10/2018
,,9781250043221,16.99,Katherine Applegate,Wishtree,13,Early & Middle,1/10/2018
,,9781626727854,12.99,Shannon Hale & LeUyen Pham (Illus.),Real Friends,14,Early & Middle,1/10/2018
,,9780803740167,12.99,Victoria Jamieson,Roller Girl,15,Early & Middle,1/10/2018
,,9781250153272,8.99,Madeleine L'Engle,A Wrinkle in Time,1,Early & Middle,1/17/2018
,,9781524720193,16.99,R.J. Palacio,Wonder,2,Early & Middle,1/17/2018
,,9781101934852,16.99,R.J. Palacio,Auggie & Me,3,Early & Middle,1/17/2018
,,9780525429999,12.99,Victoria Jamieson,All's Faire in Middle School,4,Early & Middle,1/17/2018
,,9781616205676,16.95,Kelly Barnhill,The Girl Who Drank the Moon,5,Early & Middle,1/17/2018
,,9780147510488,8.99,Kimberly Brubaker Bradley,The War That Saved My Life,6,Early & Middle,1/17/2018
,,9781250043221,16.99,Katherine Applegate,Wishtree,7,Early & Middle,1/17/2018
,,9780316514392,21.99,Pete Souza,Dream Big Dreams: Photographs from Barack Obama's Inspiring and Historic Presidency,8,Early & Middle,1/17/2018
,,9780525429203,16.99,Kimberly Brubaker Bradley,The War I Finally Won,9,Early & Middle,1/17/2018
,,9780803740167,12.99,Victoria Jamieson,Roller Girl,10,Early & Middle,1/17/2018
,,9780062377012,16.99,Sara Pennypacker & Jon Klassen (Illus.),Pax,11,Early & Middle,1/17/2018
,,9780545326995,10.99,Raina Telgemeier,Drama,12,Early & Middle,1/17/2018
,,9780545540605,10.99,Raina Telgemeier,Sisters,13,Early & Middle,1/17/2018
,,9780316475112,16.99,Vashti Harrison,Little Leaders: Bold Women in Black History,14,Early & Middle,1/17/2018
,,9780545540629,10.99,Raina Telgemeier,Ghosts,15,Early & Middle,1/17/2018
,,9781250153272,8.99,Madeleine L'Engle,A Wrinkle in Time,1,Early & Middle,1/24/2018
,,9781524720193,16.99,R.J. Palacio,Wonder,2,Early & Middle,1/24/2018
,,9780545326995,10.99,Raina Telgemeier,Drama,3,Early & Middle,1/24/2018
,,9781101934852,16.99,R.J. Palacio,Auggie & Me,4,Early & Middle,1/24/2018
,,9780147510488,8.99,Kimberly Brubaker Bradley,The War That Saved My Life,5,Early & Middle,1/24/2018
,,9780316475112,16.99,Vashti Harrison,Little Leaders: Bold Women in Black History,6,Early & Middle,1/24/2018
,,9781616205676,16.95,Kelly Barnhill,The Girl Who Drank the Moon,7,Early & Middle,1/24/2018
,,9780525429999,12.99,Victoria Jamieson,All's Faire in Middle School,8,Early & Middle,1/24/2018
,,9780545132060,10.99,Raina Telgemeier,Smile,9,Early & Middle,1/24/2018
,,9780545540605,10.99,Raina Telgemeier,Sisters,10,Early & Middle,1/24/2018
,,9780316514392,21.99,Pete Souza,Dream Big Dreams: Photographs from Barack Obama's Inspiring and Historic Presidency,11,Early & Middle,1/24/2018
,,9780525429203,16.99,Kimberly Brubaker Bradley,The War I Finally Won,12,Early & Middle,1/24/2018
,,9781250043221,16.99,Katherine Applegate,Wishtree,13,Early & Middle,1/24/2018
,,9780545540629,10.99,Raina Telgemeier,Ghosts,14,Early & Middle,1/24/2018
,,9780316508889,17.99,Jessica Townsend,Nevermoor: The Trials of Morrigan Crow,15,Early & Middle,1/24/2018
,,9781250153272,8.99,Madeleine L'Engle,A Wrinkle in Time,1,Early & Middle,1/31/2018
,,9781524720193,16.99,R.J. Palacio,Wonder,2,Early & Middle,1/31/2018
,,9781101934852,16.99,R.J. Palacio,Auggie & Me,3,Early & Middle,1/31/2018
,,9780147510488,8.99,Kimberly Brubaker Bradley,The War That Saved My Life,4,Early & Middle,1/31/2018
,,9781616205676,16.95,Kelly Barnhill,The Girl Who Drank the Moon,5,Early & Middle,1/31/2018
,,9780545326995,10.99,Raina Telgemeier,Drama,6,Early & Middle,1/31/2018
,,9780316475112,16.99,Vashti Harrison,Little Leaders: Bold Women in Black History,7,Early & Middle,1/31/2018
,,9780545132060,10.99,Raina Telgemeier,Smile,8,Early & Middle,1/31/2018
,,9781250043221,16.99,Katherine Applegate,Wishtree,9,Early & Middle,1/31/2018
,,9780545540629,10.99,Raina Telgemeier,Ghosts,10,Early & Middle,1/31/2018
,,9780316514392,21.99,Pete Souza,Dream Big Dreams: Photographs from Barack Obama's Inspiring and Historic Presidency,11,Early & Middle,1/31/2018
,,9780525429203,16.99,Kimberly Brubaker Bradley,The War I Finally Won,12,Early & Middle,1/31/2018
,,9780399559181,9.99,R.J. Palacio,365 Days of Wonder: Mr. Browne's Precepts,13,Early & Middle,1/31/2018
,,9780316508889,17.99,Jessica Townsend,Nevermoor: The Trials of Morrigan Crow,14,Early & Middle,1/31/2018
,,9780525429999,12.99,Victoria Jamieson,All's Faire in Middle School,15,Early & Middle,1/31/2018
1,7,9780553448122,27,Andy Weir,Artemis,1,Hardcover Fiction,1/3/2018
2,13,9780385514231,29.95,Dan Brown,Origin,2,Hardcover Fiction,1/3/2018
4,69,9780670026197,27,Amor Towles,A Gentleman in Moscow,3,Hardcover Fiction,1/3/2018
7,13,9781501126062,26,Jesmyn Ward,"Sing, Unburied, Sing",4,Hardcover Fiction,1/3/2018
3,13,9781476716732,27,Jennifer Egan,Manhattan Beach,5,Hardcover Fiction,1/3/2018
6,10,9780385541176,28.95,John Grisham,The Rooster Bar,6,Hardcover Fiction,1/3/2018
8,16,9780735224292,27,Celeste Ng,Little Fires Everywhere,7,Hardcover Fiction,1/3/2018
5,35,9780812995343,28,George Saunders,Lincoln in the Bardo,8,Hardcover Fiction,1/3/2018
9,11,9781101946152,26.95,Tom Hanks,Uncommon Type,9,Hardcover Fiction,1/3/2018
12,9,9781501178139,28,Isabel Allende,In the Midst of Winter,10,Hardcover Fiction,1/3/2018
10,8,9780399593482,28.99,Lee Child,The Midnight Line,11,Hardcover Fiction,1/3/2018
13,31,9780393609097,25.95,Neil Gaiman,Norse Mythology,12,Hardcover Fiction,1/3/2018
15,14,9780735225114,28,John le Carré,A Legacy of Spies,13,Hardcover Fiction,1/3/2018
11,10,9780399563249,30,Mary Oliver,Devotions,14,Hardcover Fiction,1/3/2018
,10,9780735212176,26,Mohsin Hamid,Exit West,15,Hardcover Fiction,1/3/2018
4,14,9781501126062,26,Jesmyn Ward,"Sing, Unburied, Sing",1,Hardcover Fiction,1/10/2018
3,70,9780670026197,27,Amor Towles,A Gentleman in Moscow,2,Hardcover Fiction,1/10/2018
2,14,9780385514231,29.95,Dan Brown,Origin,3,Hardcover Fiction,1/10/2018
7,17,9780735224292,27,Celeste Ng,Little Fires Everywhere,4,Hardcover Fiction,1/10/2018
5,14,9781476716732,27,Jennifer Egan,Manhattan Beach,5,Hardcover Fiction,1/10/2018
1,8,9780553448122,27,Andy Weir,Artemis,6,Hardcover Fiction,1/10/2018
,1,9780062678416,26.99,A.J. Finn,The Woman in the Window,7,Hardcover Fiction,1/10/2018
8,36,9780812995343,28,George Saunders,Lincoln in the Bardo,8,Hardcover Fiction,1/10/2018
6,11,9780385541176,28.95,John Grisham,The Rooster Bar,9,Hardcover Fiction,1/10/2018
,1,9780316547611,26,Naomi Alderman,The Power,10,Hardcover Fiction,1/10/2018
15,11,9780735212176,26,Mohsin Hamid,Exit West,11,Hardcover Fiction,1/10/2018
10,10,9781501178139,28,Isabel Allende,In the Midst of Winter,12,Hardcover Fiction,1/10/2018
9,12,9781101946152,26.95,Tom Hanks,Uncommon Type,13,Hardcover Fiction,1/10/2018
11,9,9780399593482,28.99,Lee Child,The Midnight Line,14,Hardcover Fiction,1/10/2018
,1,9781501176845,27.99,James Lee Burke,Robicheaux,15,Hardcover Fiction,1/10/2018
1,15,9781501126062,26,Jesmyn Ward,"Sing, Unburied, Sing",1,Hardcover Fiction,1/17/2018
,1,9780735213180,26,Chloe Benjamin,The Immortalists,2,Hardcover Fiction,1/17/2018
7,2,9780062678416,26.99,A.J. Finn,The Woman in the Window,3,Hardcover Fiction,1/17/2018
4,18,9780735224292,27,Celeste Ng,Little Fires Everywhere,4,Hardcover Fiction,1/17/2018
2,71,9780670026197,27,Amor Towles,A Gentleman in Moscow,5,Hardcover Fiction,1/17/2018
3,15,9780385514231,29.95,Dan Brown,Origin,6,Hardcover Fiction,1/17/2018
6,9,9780553448122,27,Andy Weir,Artemis,7,Hardcover Fiction,1/17/2018
5,15,9781476716732,27,Jennifer Egan,Manhattan Beach,8,Hardcover Fiction,1/17/2018
8,37,9780812995343,28,George Saunders,Lincoln in the Bardo,9,Hardcover Fiction,1/17/2018
10,2,9780316547611,26,Naomi Alderman,The Power,10,Hardcover Fiction,1/17/2018
9,12,9780385541176,28.95,John Grisham,The Rooster Bar,11,Hardcover Fiction,1/17/2018
,1,9781250130921,26.99,Greer Hendricks,The Wife Between Us,12,Hardcover Fiction,1/17/2018
14,10,9780399593482,28.99,Lee Child,The Midnight Line,13,Hardcover Fiction,1/17/2018
13,13,9781101946152,26.95,Tom Hanks,Uncommon Type,14,Hardcover Fiction,1/17/2018
11,12,9780735212176,26,Mohsin Hamid,Exit West,15,Hardcover Fiction,1/17/2018
3,3,9780062678416,26.99,A.J. Finn,The Woman in the Window,1,Hardcover Fiction,1/24/2018
2,2,9780735213180,26,Chloe Benjamin,The Immortalists,2,Hardcover Fiction,1/24/2018
1,16,9781501126062,26,Jesmyn Ward,"Sing, Unburied, Sing",3,Hardcover Fiction,1/24/2018
4,19,9780735224292,27,Celeste Ng,Little Fires Everywhere,4,Hardcover Fiction,1/24/2018
5,72,9780670026197,27,Amor Towles,A Gentleman in Moscow,5,Hardcover Fiction,1/24/2018
6,16,9780385514231,29.95,Dan Brown,Origin,6,Hardcover Fiction,1/24/2018
7,10,9780553448122,27,Andy Weir,Artemis,7,Hardcover Fiction,1/24/2018
8,16,9781476716732,27,Jennifer Egan,Manhattan Beach,8,Hardcover Fiction,1/24/2018
12,2,9781250130921,26.99,Greer Hendricks,The Wife Between Us,9,Hardcover Fiction,1/24/2018
11,13,9780385541176,28.95,John Grisham,The Rooster Bar,10,Hardcover Fiction,1/24/2018
10,3,9780316547611,26,Naomi Alderman,The Power,11,Hardcover Fiction,1/24/2018
,1,9780812988635,27,Denis Johnson,The Largesse of the Sea Maiden,12,Hardcover Fiction,1/24/2018
9,38,9780812995343,28,George Saunders,Lincoln in the Bardo,13,Hardcover Fiction,1/24/2018
13,11,9780399593482,28.99,Lee Child,The Midnight Line,14,Hardcover Fiction,1/24/2018
15,13,9780735212176,26,Mohsin Hamid,Exit West,15,Hardcover Fiction,1/24/2018
2,3,9780735213180,26,Chloe Benjamin,The Immortalists,1,Hardcover Fiction,1/31/2018
1,4,9780062678416,26.99,A.J. Finn,The Woman in the Window,2,Hardcover Fiction,1/31/2018
5,73,9780670026197,27,Amor Towles,A Gentleman in Moscow,3,Hardcover Fiction,1/31/2018
4,20,9780735224292,27,Celeste Ng,Little Fires Everywhere,4,Hardcover Fiction,1/31/2018
3,17,9781501126062,26,Jesmyn Ward,"Sing, Unburied, Sing",5,Hardcover Fiction,1/31/2018
6,17,9780385514231,29.95,Dan Brown,Origin,6,Hardcover Fiction,1/31/2018
7,11,9780553448122,27,Andy Weir,Artemis,7,Hardcover Fiction,1/31/2018
8,17,9781476716732,27,Jennifer Egan,Manhattan Beach,8,Hardcover Fiction,1/31/2018
11,4,9780316547611,26,Naomi Alderman,The Power,9,Hardcover Fiction,1/31/2018
9,3,9781250130921,26.99,Greer Hendricks,The Wife Between Us,10,Hardcover Fiction,1/31/2018
10,14,9780385541176,28.95,John Grisham,The Rooster Bar,11,Hardcover Fiction,1/31/2018
12,2,9780812988635,27,Denis Johnson,The Largesse of the Sea Maiden,12,Hardcover Fiction,1/31/2018
13,39,9780812995343,28,George Saunders,Lincoln in the Bardo,13,Hardcover Fiction,1/31/2018
,11,9780399563249,30,Mary Oliver,Devotions,14,Hardcover Fiction,1/31/2018
,15,9780735225114,28,John le Carré,A Legacy of Spies,15,Hardcover Fiction,1/31/2018
1,11,9781501139154,35,Walter Isaacson,Leonardo da Vinci,1,Hardcover Nonfiction,1/3/2018
2,35,9780393609394,18.95,Neil deGrasse Tyson,Astrophysics for People in a Hurry,2,Hardcover Nonfiction,1/3/2018
6,39,9780062457714,24.99,Mark Manson,The Subtle Art of Not Giving A F*ck,3,Hardcover Nonfiction,1/3/2018
3,12,9781594204876,40,Ron Chernow,Grant,4,Hardcover Nonfiction,1/3/2018
7,3,9781631494758,15.95,Mary Beard,Women & Power,5,Hardcover Nonfiction,1/3/2018
4,7,9781250171672,27,Joe Biden,"Promise Me, Dad",6,Hardcover Nonfiction,1/3/2018
8,13,9780399590566,28,Ta-Nehisi Coates,We Were Eight Years in Power,7,Hardcover Nonfiction,1/3/2018
,6,9781501124020,30,Ray Dalio,Principles,8,Hardcover Nonfiction,1/3/2018
,1,9781501181825,26,Tiffany Haddish,The Last Black Unicorn,9,Hardcover Nonfiction,1/3/2018
14,70,9780062300546,27.99,J.D. Vance,Hillbilly Elegy,10,Hardcover Nonfiction,1/3/2018
11,26,9780385534246,28.95,David Grann,Killers of the Flower Moon,11,Hardcover Nonfiction,1/3/2018
10,60,9781771642484,24.95,Peter Wohlleben,The Hidden Life of Trees,12,Hardcover Nonfiction,1/3/2018
12,7,9781771643016,24.95,Peter Wohlleben,The Inner Life of Animals,13,Hardcover Nonfiction,1/3/2018
9,9,9781501111860,28,Chris Matthews,Bobby Kennedy: A Raging Spirit,14,Hardcover Nonfiction,1/3/2018
13,15,9781501175565,30,Hillary Rodham Clinton,What Happened,15,Hardcover Nonfiction,1/3/2018
,1,9781250158062,30,Michael Wolff,Fire and Fury,1,Hardcover Nonfiction,1/10/2018
2,36,9780393609394,18.95,Neil deGrasse Tyson,Astrophysics for People in a Hurry,2,Hardcover Nonfiction,1/10/2018
3,40,9780062457714,24.99,Mark Manson,The Subtle Art of Not Giving A F*ck,3,Hardcover Nonfiction,1/10/2018
1,12,9781501139154,35,Walter Isaacson,Leonardo da Vinci,4,Hardcover Nonfiction,1/10/2018
5,4,9781631494758,15.95,Mary Beard,Women & Power,5,Hardcover Nonfiction,1/10/2018
9,2,9781501181825,26,Tiffany Haddish,The Last Black Unicorn,6,Hardcover Nonfiction,1/10/2018
4,13,9781594204876,40,Ron Chernow,Grant,7,Hardcover Nonfiction,1/10/2018
8,7,9781501124020,30,Ray Dalio,Principles,8,Hardcover Nonfiction,1/10/2018
6,8,9781250171672,27,Joe Biden,"Promise Me, Dad",9,Hardcover Nonfiction,1/10/2018
10,71,9780062300546,27.99,J.D. Vance,Hillbilly Elegy,10,Hardcover Nonfiction,1/10/2018
11,27,9780385534246,28.95,David Grann,Killers of the Flower Moon,11,Hardcover Nonfiction,1/10/2018
7,14,9780399590566,28,Ta-Nehisi Coates,We Were Eight Years in Power,12,Hardcover Nonfiction,1/10/2018
,42,9780399185045,26,The Dalai Lama,The Book of Joy,13,Hardcover Nonfiction,1/10/2018
,1,9781501173240,18.99,Margareta Magnusson,The Gentle Art of Swedish Death Cleaning,14,Hardcover Nonfiction,1/10/2018
12,61,9781771642484,24.95,Peter Wohlleben,The Hidden Life of Trees,15,Hardcover Nonfiction,1/10/2018
1,2,9781250158062,30,Michael Wolff,Fire and Fury,1,Hardcover Nonfiction,1/17/2018
2,37,9780393609394,18.95,Neil deGrasse Tyson,Astrophysics for People in a Hurry,2,Hardcover Nonfiction,1/17/2018
3,41,9780062457714,24.99,Mark Manson,The Subtle Art of Not Giving A F*ck,3,Hardcover Nonfiction,1/17/2018
4,13,9781501139154,35,Walter Isaacson,Leonardo da Vinci,4,Hardcover Nonfiction,1/17/2018
6,3,9781501181825,26,Tiffany Haddish,The Last Black Unicorn,5,Hardcover Nonfiction,1/17/2018
5,5,9781631494758,15.95,Mary Beard,Women & Power,6,Hardcover Nonfiction,1/17/2018
7,14,9781594204876,40,Ron Chernow,Grant,7,Hardcover Nonfiction,1/17/2018
9,9,9781250171672,27,Joe Biden,"Promise Me, Dad",8,Hardcover Nonfiction,1/17/2018
8,8,9781501124020,30,Ray Dalio,Principles,9,Hardcover Nonfiction,1/17/2018
10,72,9780062300546,27.99,J.D. Vance,Hillbilly Elegy,10,Hardcover Nonfiction,1/17/2018
13,43,9780399185045,26,The Dalai Lama,The Book of Joy,11,Hardcover Nonfiction,1/17/2018
,9,9780812995848,28,Brene Brown,Braving the Wilderness,12,Hardcover Nonfiction,1/17/2018
,1,9780735210622,28,Daniel H. Pink,When,13,Hardcover Nonfiction,1/17/2018
11,28,9780385534246,28.95,David Grann,Killers of the Flower Moon,14,Hardcover Nonfiction,1/17/2018
12,15,9780399590566,28,Ta-Nehisi Coates,We Were Eight Years in Power,15,Hardcover Nonfiction,1/17/2018
1,3,9781250158062,30,Michael Wolff,Fire and Fury,1,Hardcover Nonfiction,1/24/2018
2,38,9780393609394,18.95,Neil deGrasse Tyson,Astrophysics for People in a Hurry,2,Hardcover Nonfiction,1/24/2018
3,42,9780062457714,24.99,Mark Manson,The Subtle Art of Not Giving A F*ck,3,Hardcover Nonfiction,1/24/2018
4,14,9781501139154,35,Walter Isaacson,Leonardo da Vinci,4,Hardcover Nonfiction,1/24/2018
5,4,9781501181825,26,Tiffany Haddish,The Last Black Unicorn,5,Hardcover Nonfiction,1/24/2018
9,9,9781501124020,30,Ray Dalio,Principles,6,Hardcover Nonfiction,1/24/2018
6,6,9781631494758,15.95,Mary Beard,Women & Power,7,Hardcover Nonfiction,1/24/2018
13,2,9780735210622,28,Daniel H. Pink,When,8,Hardcover Nonfiction,1/24/2018
,1,9781501174162,28,David Cay Johnston,It's Even Worse Than You Think: What the Trump Administration Is Doing to America,9,Hardcover Nonfiction,1/24/2018
10,73,9780062300546,27.99,J.D. Vance,Hillbilly Elegy,10,Hardcover Nonfiction,1/24/2018
8,10,9781250171672,27,Joe Biden,"Promise Me, Dad",11,Hardcover Nonfiction,1/24/2018
11,44,9780399185045,26,The Dalai Lama,The Book of Joy,12,Hardcover Nonfiction,1/24/2018
12,10,9780812995848,28,Brene Brown,Braving the Wilderness,13,Hardcover Nonfiction,1/24/2018
14,29,9780385534246,28.95,David Grann,Killers of the Flower Moon,14,Hardcover Nonfiction,1/24/2018
7,15,9781594204876,40,Ron Chernow,Grant,15,Hardcover Nonfiction,1/24/2018
1,4,9781250158062,30,Michael Wolff,Fire and Fury,1,Hardcover Nonfiction,1/31/2018
2,39,9780393609394,18.95,Neil deGrasse Tyson,Astrophysics for People in a Hurry,2,Hardcover Nonfiction,1/31/2018
3,43,9780062457714,24.99,Mark Manson,The Subtle Art of Not Giving A F*ck,3,Hardcover Nonfiction,1/31/2018
4,15,9781501139154,35,Walter Isaacson,Leonardo da Vinci,4,Hardcover Nonfiction,1/31/2018
5,5,9781501181825,26,Tiffany Haddish,The Last Black Unicorn,5,Hardcover Nonfiction,1/31/2018
10,74,9780062300546,27.99,J.D. Vance,Hillbilly Elegy,6,Hardcover Nonfiction,1/31/2018
,1,9781524762933,26,Steven Levitsky,How Democracies Die,7,Hardcover Nonfiction,1/31/2018
12,45,9780399185045,26,The Dalai Lama,The Book of Joy,8,Hardcover Nonfiction,1/31/2018
6,10,9781501124020,30,Ray Dalio,Principles,9,Hardcover Nonfiction,1/31/2018
8,3,9780735210622,28,Daniel H. Pink,When,10,Hardcover Nonfiction,1/31/2018
,2,9781501173240,18.99,Margareta Magnusson,The Gentle Art of Swedish Death Cleaning,11,Hardcover Nonfiction,1/31/2018
7,7,9781631494758,15.95,Mary Beard,Women & Power,12,Hardcover Nonfiction,1/31/2018
15,16,9781594204876,40,Ron Chernow,Grant,13,Hardcover Nonfiction,1/31/2018
11,11,9781250171672,27,Joe Biden,"Promise Me, Dad",14,Hardcover Nonfiction,1/31/2018
14,30,9780385534246,28.95,David Grann,Killers of the Flower Moon,15,Hardcover Nonfiction,1/31/2018
1,5,9780062473363,9.99,Michael Crichton,Dragon Teeth,1,Mass Market,1/3/2018
2,25,9781101967683,9.99,John Grisham,The Whistler,2,Mass Market,1/3/2018
3,9,9780062693662,9.99,Agatha Christie,Murder on the Orient Express,3,Mass Market,1/3/2018
,1,9781478944782,9.99,James Patterson,Never Never,4,Mass Market,1/3/2018
10,24,9780451490049,9.99,Liane Moriarty,The Husband's Secret,5,Mass Market,1/3/2018
8,3,9781101883907,8.99,Danielle Steel,Dangerous Games,6,Mass Market,1/3/2018
5,9,9781524763282,9.99,Ernest Cline,Ready Player One,7,Mass Market,1/3/2018
6,49,9780756404741,9.99,Patrick Rothfuss,The Name of the Wind,8,Mass Market,1/3/2018
,1,9781478948377,8.99,Nicholas Sparks,Safe Haven,9,Mass Market,1/3/2018
,1,9781501179952,9.99,Doug Stanton,12 Strong,10,Mass Market,1/3/2018
,1,9780399593598,9.99,Lee Child,No Middle Name,1,Mass Market,1/10/2018
2,26,9781101967683,9.99,John Grisham,The Whistler,2,Mass Market,1/10/2018
1,6,9780062473363,9.99,Michael Crichton,Dragon Teeth,3,Mass Market,1/10/2018
3,10,9780062693662,9.99,Agatha Christie,Murder on the Orient Express,4,Mass Market,1/10/2018
4,2,9781478944782,9.99,James Patterson,Never Never,5,Mass Market,1/10/2018
5,25,9780451490049,9.99,Liane Moriarty,The Husband's Secret,6,Mass Market,1/10/2018
,1,9780451490445,9.99,Liane Moriarty,What Alice Forgot,7,Mass Market,1/10/2018
10,2,9781501179952,9.99,Doug Stanton,12 Strong,8,Mass Market,1/10/2018
9,2,9781478948377,8.99,Nicholas Sparks,Safe Haven,9,Mass Market,1/10/2018
6,4,9781101883907,8.99,Danielle Steel,Dangerous Games,10,Mass Market,1/10/2018
1,2,9780399593598,9.99,Lee Child,No Middle Name,1,Mass Market,1/17/2018
3,7,9780062473363,9.99,Michael Crichton,Dragon Teeth,2,Mass Market,1/17/2018
2,27,9781101967683,9.99,John Grisham,The Whistler,3,Mass Market,1/17/2018
5,3,9781478944782,9.99,James Patterson,Never Never,4,Mass Market,1/17/2018
8,3,9781501179952,9.99,Doug Stanton,12 Strong,5,Mass Market,1/17/2018
6,26,9780451490049,9.99,Liane Moriarty,The Husband's Secret,6,Mass Market,1/17/2018
,1,9781250058461,9.99,Steve Berry,The Lost Order,7,Mass Market,1/17/2018
7,2,9780451490445,9.99,Liane Moriarty,What Alice Forgot,8,Mass Market,1/17/2018
4,11,9780062693662,9.99,Agatha Christie,Murder on the Orient Express,9,Mass Market,1/17/2018
9,3,9781478948377,8.99,Nicholas Sparks,Safe Haven,10,Mass Market,1/17/2018
1,3,9780399593598,9.99,Lee Child,No Middle Name,1,Mass Market,1/24/2018
3,28,9781101967683,9.99,John Grisham,The Whistler,2,Mass Market,1/24/2018
2,8,9780062473363,9.99,Michael Crichton,Dragon Teeth,3,Mass Market,1/24/2018
4,4,9781478944782,9.99,James Patterson,Never Never,4,Mass Market,1/24/2018
5,4,9781501179952,9.99,Doug Stanton,12 Strong,5,Mass Market,1/24/2018
7,2,9781250058461,9.99,Steve Berry,The Lost Order,6,Mass Market,1/24/2018
9,12,9780062693662,9.99,Agatha Christie,Murder on the Orient Express,7,Mass Market,1/24/2018
,8,9781455524204,9.99,Michael Connelly,The Wrong Side of Goodbye,8,Mass Market,1/24/2018
6,27,9780451490049,9.99,Liane Moriarty,The Husband's Secret,9,Mass Market,1/24/2018
8,3,9780451490445,9.99,Liane Moriarty,What Alice Forgot,10,Mass Market,1/24/2018
1,4,9780399593598,9.99,Lee Child,No Middle Name,1,Mass Market,1/31/2018
2,29,9781101967683,9.99,John Grisham,The Whistler,2,Mass Market,1/31/2018
3,9,9780062473363,9.99,Michael Crichton,Dragon Teeth,3,Mass Market,1/31/2018
5,5,9781501179952,9.99,Doug Stanton,12 Strong,4,Mass Market,1/31/2018
4,5,9781478944782,9.99,James Patterson,Never Never,5,Mass Market,1/31/2018
,1,9780441478125,9.99,Ursula K. Le Guin,The Left Hand of Darkness,6,Mass Market,1/31/2018
9,28,9780451490049,9.99,Liane Moriarty,The Husband's Secret,7,Mass Market,1/31/2018
6,3,9781250058461,9.99,Steve Berry,The Lost Order,8,Mass Market,1/31/2018
,1,9781101883938,8.99,Danielle Steel,Against All Odds,9,Mass Market,1/31/2018
10,4,9780451490445,9.99,Liane Moriarty,What Alice Forgot,10,Mass Market,1/31/2018
1,39,9781501173219,17,Anthony Doerr,All the Light We Cannot See,1,Trade Paperback Fiction,1/3/2018
2,13,9781449486792,16.99,Rupi Kaur,The Sun and Her Flowers,2,Trade Paperback Fiction,1/3/2018
4,69,9781449474256,14.99,Rupi Kaur,Milk and Honey,3,Trade Paperback Fiction,1/3/2018
6,38,9781501132957,16,Ruth Ware,The Woman in Cabin 10,4,Trade Paperback Fiction,1/3/2018
3,21,9780307887443,16,Ernest Cline,Ready Player One,5,Trade Paperback Fiction,1/3/2018
7,36,9780525435006,15.95,Margaret Atwood,The Handmaid's Tale,6,Trade Paperback Fiction,1/3/2018
8,7,9781455563920,15.99,Min Jin Lee,Pachinko,7,Trade Paperback Fiction,1/3/2018
5,44,9781101883082,17,Martha Hall Kelly,Lilac Girls,8,Trade Paperback Fiction,1/3/2018
11,31,9780735221109,16,Shari Lapena,The Couple Next Door,9,Trade Paperback Fiction,1/3/2018
9,112,9781476738024,16,Fredrik Backman,A Man Called Ove,10,Trade Paperback Fiction,1/3/2018
,25,9781250132369,16.99,B.A. Paris,Behind Closed Doors,11,Trade Paperback Fiction,1/3/2018
14,35,9780062491831,16.99,Ann Patchett,Commonwealth,12,Trade Paperback Fiction,1/3/2018
10,23,9780062409218,15.99,Paulette Jiles,News of the World,13,Trade Paperback Fiction,1/3/2018
15,38,9780062414229,16.99,Cynthia D'Aprix Sweeney,The Nest,14,Trade Paperback Fiction,1/3/2018
13,56,9780802124944,16,Viet Thanh Nguyen,The Sympathizer,15,Trade Paperback Fiction,1/3/2018
3,70,9781449474256,14.99,Rupi Kaur,Milk and Honey,1,Trade Paperback Fiction,1/10/2018
7,8,9781455563920,15.99,Min Jin Lee,Pachinko,2,Trade Paperback Fiction,1/10/2018
2,14,9781449486792,16.99,Rupi Kaur,The Sun and Her Flowers,3,Trade Paperback Fiction,1/10/2018
4,39,9781501132957,16,Ruth Ware,The Woman in Cabin 10,4,Trade Paperback Fiction,1/10/2018
1,40,9781501173219,17,Anthony Doerr,All the Light We Cannot See,5,Trade Paperback Fiction,1/10/2018
6,37,9780525435006,15.95,Margaret Atwood,The Handmaid's Tale,6,Trade Paperback Fiction,1/10/2018
8,45,9781101883082,17,Martha Hall Kelly,Lilac Girls,7,Trade Paperback Fiction,1/10/2018
,1,9780062563675,16.99,Jessica Shattuck,The Women in the Castle,8,Trade Paperback Fiction,1/10/2018
5,22,9780307887443,16,Ernest Cline,Ready Player One,9,Trade Paperback Fiction,1/10/2018
9,32,9780735221109,16,Shari Lapena,The Couple Next Door,10,Trade Paperback Fiction,1/10/2018
13,24,9780062409218,15.99,Paulette Jiles,News of the World,11,Trade Paperback Fiction,1/10/2018
,1,9780399563096,16,Georgia Hunter,We Were the Lucky Ones,12,Trade Paperback Fiction,1/10/2018
10,113,9781476738024,16,Fredrik Backman,A Man Called Ove,13,Trade Paperback Fiction,1/10/2018
11,26,9781250132369,16.99,B.A. Paris,Behind Closed Doors,14,Trade Paperback Fiction,1/10/2018
12,36,9780062491831,16.99,Ann Patchett,Commonwealth,15,Trade Paperback Fiction,1/10/2018
2,9,9781455563920,15.99,Min Jin Lee,Pachinko,1,Trade Paperback Fiction,1/17/2018
8,2,9780062563675,16.99,Jessica Shattuck,The Women in the Castle,2,Trade Paperback Fiction,1/17/2018
6,38,9780525435006,15.95,Margaret Atwood,The Handmaid's Tale,3,Trade Paperback Fiction,1/17/2018
5,41,9781501173219,17,Anthony Doerr,All the Light We Cannot See,4,Trade Paperback Fiction,1/17/2018
4,40,9781501132957,16,Ruth Ware,The Woman in Cabin 10,5,Trade Paperback Fiction,1/17/2018
3,15,9781449486792,16.99,Rupi Kaur,The Sun and Her Flowers,6,Trade Paperback Fiction,1/17/2018
1,71,9781449474256,14.99,Rupi Kaur,Milk and Honey,7,Trade Paperback Fiction,1/17/2018
9,23,9780307887443,16,Ernest Cline,Ready Player One,8,Trade Paperback Fiction,1/17/2018
12,2,9780399563096,16,Georgia Hunter,We Were the Lucky Ones,9,Trade Paperback Fiction,1/17/2018
10,33,9780735221109,16,Shari Lapena,The Couple Next Door,10,Trade Paperback Fiction,1/17/2018
7,46,9781101883082,17,Martha Hall Kelly,Lilac Girls,11,Trade Paperback Fiction,1/17/2018
11,25,9780062409218,15.99,Paulette Jiles,News of the World,12,Trade Paperback Fiction,1/17/2018
,1,9781101973486,16,Peter Heller,Celine,13,Trade Paperback Fiction,1/17/2018
,1,9781250169440,17,Andre Aciman,Call Me by Your Name,14,Trade Paperback Fiction,1/17/2018
14,27,9781250132369,16.99,B.A. Paris,Behind Closed Doors,15,Trade Paperback Fiction,1/17/2018
1,10,9781455563920,15.99,Min Jin Lee,Pachinko,1,Trade Paperback Fiction,1/24/2018
2,3,9780062563675,16.99,Jessica Shattuck,The Women in the Castle,2,Trade Paperback Fiction,1/24/2018
4,42,9781501173219,17,Anthony Doerr,All the Light We Cannot See,3,Trade Paperback Fiction,1/24/2018
3,39,9780525435006,15.95,Margaret Atwood,The Handmaid's Tale,4,Trade Paperback Fiction,1/24/2018
5,41,9781501132957,16,Ruth Ware,The Woman in Cabin 10,5,Trade Paperback Fiction,1/24/2018
6,16,9781449486792,16.99,Rupi Kaur,The Sun and Her Flowers,6,Trade Paperback Fiction,1/24/2018
8,24,9780307887443,16,Ernest Cline,Ready Player One,7,Trade Paperback Fiction,1/24/2018
11,47,9781101883082,17,Martha Hall Kelly,Lilac Girls,8,Trade Paperback Fiction,1/24/2018
7,72,9781449474256,14.99,Rupi Kaur,Milk and Honey,9,Trade Paperback Fiction,1/24/2018
9,3,9780399563096,16,Georgia Hunter,We Were the Lucky Ones,10,Trade Paperback Fiction,1/24/2018
10,34,9780735221109,16,Shari Lapena,The Couple Next Door,11,Trade Paperback Fiction,1/24/2018
13,2,9781101973486,16,Peter Heller,Celine,12,Trade Paperback Fiction,1/24/2018
14,2,9781250169440,17,Andre Aciman,Call Me by Your Name,13,Trade Paperback Fiction,1/24/2018
15,28,9781250132369,16.99,B.A. Paris,Behind Closed Doors,14,Trade Paperback Fiction,1/24/2018
,1,9780143132172,16,Leeila Slimani,The Perfect Nanny,15,Trade Paperback Fiction,1/24/2018
1,11,9781455563920,15.99,Min Jin Lee,Pachinko,1,Trade Paperback Fiction,1/31/2018
2,4,9780062563675,16.99,Jessica Shattuck,The Women in the Castle,2,Trade Paperback Fiction,1/31/2018
3,43,9781501173219,17,Anthony Doerr,All the Light We Cannot See,3,Trade Paperback Fiction,1/31/2018
10,4,9780399563096,16,Georgia Hunter,We Were the Lucky Ones,4,Trade Paperback Fiction,1/31/2018
5,42,9781501132957,16,Ruth Ware,The Woman in Cabin 10,5,Trade Paperback Fiction,1/31/2018
4,40,9780525435006,15.95,Margaret Atwood,The Handmaid's Tale,6,Trade Paperback Fiction,1/31/2018
6,17,9781449486792,16.99,Rupi Kaur,The Sun and Her Flowers,7,Trade Paperback Fiction,1/31/2018
7,25,9780307887443,16,Ernest Cline,Ready Player One,8,Trade Paperback Fiction,1/31/2018
15,2,9780143132172,16,Leeila Slimani,The Perfect Nanny,9,Trade Paperback Fiction,1/31/2018
8,48,9781101883082,17,Martha Hall Kelly,Lilac Girls,10,Trade Paperback Fiction,1/31/2018
9,73,9781449474256,14.99,Rupi Kaur,Milk and Honey,11,Trade Paperback Fiction,1/31/2018
11,35,9780735221109,16,Shari Lapena,The Couple Next Door,12,Trade Paperback Fiction,1/31/2018
13,3,9781250169440,17,Andre Aciman,Call Me by Your Name,13,Trade Paperback Fiction,1/31/2018
14,29,9781250132369,16.99,B.A. Paris,Behind Closed Doors,14,Trade Paperback Fiction,1/31/2018
12,3,9781101973486,16,Peter Heller,Celine,15,Trade Paperback Fiction,1/31/2018
1,128,9780762447695,16,Jen Sincero,You Are a Badass,1,Trade Paperback Nonfiction,1/3/2018
2,17,9781250076229,16,Atul Gawande,Being Mortal,2,Trade Paperback Nonfiction,1/3/2018
5,5,9781101912379,20,Peter Frankopan,The Silk Roads,3,Trade Paperback Nonfiction,1/3/2018
3,16,9781455540013,15.99,Douglas Preston,The Lost City of the Monkey God,4,Trade Paperback Nonfiction,1/3/2018
4,9,9780393354775,16.95,Michael Lewis,The Undoing Project,5,Trade Paperback Nonfiction,1/3/2018
9,28,9781476759739,16,Jonah Berger,Invisible Influence,6,Trade Paperback Nonfiction,1/3/2018
6,11,9781476796024,17,Alexandra Horowitz,Being a Dog,7,Trade Paperback Nonfiction,1/3/2018
7,42,9780804190114,7.99,Timothy Snyder,On Tyranny,8,Trade Paperback Nonfiction,1/3/2018
,1,9781501178511,18,Doug Stanton,12 Strong,9,Trade Paperback Nonfiction,1/3/2018
8,26,9781476739236,16,Robert Moor,On Trails,10,Trade Paperback Nonfiction,1/3/2018
,70,9781633690196,24.95,Harvard Business School Press,HBR's 10 Must Reads on Emotional Intelligence,11,Trade Paperback Nonfiction,1/3/2018
11,66,9780143034759,20,Ron Chernow,Alexander Hamilton,12,Trade Paperback Nonfiction,1/3/2018
,50,9781422157992,24.95,Harvard Business School Press,HBR's 10 Must Reads on Managing Yourself,13,Trade Paperback Nonfiction,1/3/2018
10,5,9781571987358,7.95,Old Farmer's Almanac,The Old Farmer's Almanac 2018,14,Trade Paperback Nonfiction,1/3/2018
12,31,9780399563126,17,Jennifer Ackerman,The Genius of Birds,15,Trade Paperback Nonfiction,1/3/2018
1,129,9780762447695,16,Jen Sincero,You Are a Badass,1,Trade Paperback Nonfiction,1/10/2018
3,6,9781101912379,20,Peter Frankopan,The Silk Roads,2,Trade Paperback Nonfiction,1/10/2018
4,17,9781455540013,15.99,Douglas Preston,The Lost City of the Monkey God,3,Trade Paperback Nonfiction,1/10/2018
9,2,9781501178511,18,Doug Stanton,12 Strong,4,Trade Paperback Nonfiction,1/10/2018
6,29,9781476759739,16,Jonah Berger,Invisible Influence,5,Trade Paperback Nonfiction,1/10/2018
2,18,9781250076229,16,Atul Gawande,Being Mortal,6,Trade Paperback Nonfiction,1/10/2018
7,12,9781476796024,17,Alexandra Horowitz,Being a Dog,7,Trade Paperback Nonfiction,1/10/2018
,34,9780553447453,17,Matthew Desmond,Evicted,8,Trade Paperback Nonfiction,1/10/2018
8,43,9780804190114,7.99,Timothy Snyder,On Tyranny,9,Trade Paperback Nonfiction,1/10/2018
5,10,9780393354775,16.95,Michael Lewis,The Undoing Project,10,Trade Paperback Nonfiction,1/10/2018
11,71,9781633690196,24.95,Harvard Business School Press,HBR's 10 Must Reads on Emotional Intelligence,11,Trade Paperback Nonfiction,1/10/2018
13,51,9781422157992,24.95,Harvard Business School Press,HBR's 10 Must Reads on Managing Yourself,12,Trade Paperback Nonfiction,1/10/2018
10,27,9781476739236,16,Robert Moor,On Trails,13,Trade Paperback Nonfiction,1/10/2018
,2,9780525562511,16.95,Luke Harding,Collusion,14,Trade Paperback Nonfiction,1/10/2018
,78,9781101911761,7.95,Chimamanda Ngozi Adichie,We Should All Be Feminists,15,Trade Paperback Nonfiction,1/10/2018
1,130,9780762447695,16,Jen Sincero,You Are a Badass,1,Trade Paperback Nonfiction,1/17/2018
2,7,9781101912379,20,Peter Frankopan,The Silk Roads,2,Trade Paperback Nonfiction,1/17/2018
3,18,9781455540013,15.99,Douglas Preston,The Lost City of the Monkey God,3,Trade Paperback Nonfiction,1/17/2018
6,19,9781250076229,16,Atul Gawande,Being Mortal,4,Trade Paperback Nonfiction,1/17/2018
4,3,9781501178511,18,Doug Stanton,12 Strong,5,Trade Paperback Nonfiction,1/17/2018
5,30,9781476759739,16,Jonah Berger,Invisible Influence,6,Trade Paperback Nonfiction,1/17/2018
9,44,9780804190114,7.99,Timothy Snyder,On Tyranny,7,Trade Paperback Nonfiction,1/17/2018
8,35,9780553447453,17,Matthew Desmond,Evicted,8,Trade Paperback Nonfiction,1/17/2018
11,72,9781633690196,24.95,Harvard Business School Press,HBR's 10 Must Reads on Emotional Intelligence,9,Trade Paperback Nonfiction,1/17/2018
7,13,9781476796024,17,Alexandra Horowitz,Being a Dog,10,Trade Paperback Nonfiction,1/17/2018
12,52,9781422157992,24.95,Harvard Business School Press,HBR's 10 Must Reads on Managing Yourself,11,Trade Paperback Nonfiction,1/17/2018
10,11,9780393354775,16.95,Michael Lewis,The Undoing Project,12,Trade Paperback Nonfiction,1/17/2018
,1,9780525434191,15,Joan Didion,South and West,13,Trade Paperback Nonfiction,1/17/2018
,26,9781451697728,16,Sy Montgomery,The Soul of an Octopus,14,Trade Paperback Nonfiction,1/17/2018
13,28,9781476739236,16,Robert Moor,On Trails,15,Trade Paperback Nonfiction,1/17/2018
1,131,9780762447695,16,Jen Sincero,You Are a Badass,1,Trade Paperback Nonfiction,1/24/2018
5,4,9781501178511,18,Doug Stanton,12 Strong,2,Trade Paperback Nonfiction,1/24/2018
2,8,9781101912379,20,Peter Frankopan,The Silk Roads,3,Trade Paperback Nonfiction,1/24/2018
3,19,9781455540013,15.99,Douglas J. Preston,The Lost City of the Monkey God,4,Trade Paperback Nonfiction,1/24/2018
4,20,9781250076229,16,Atul Gawande,Being Mortal,5,Trade Paperback Nonfiction,1/24/2018
6,31,9781476759739,16,Jonah Berger,Invisible Influence,6,Trade Paperback Nonfiction,1/24/2018
9,73,9781633690196,24.95,Harvard Business School Press,HBR's 10 Must Reads on Emotional Intelligence,7,Trade Paperback Nonfiction,1/24/2018
8,36,9780553447453,17,Matthew Desmond,Evicted,8,Trade Paperback Nonfiction,1/24/2018
7,45,9780804190114,7.99,Timothy Snyder,On Tyranny,9,Trade Paperback Nonfiction,1/24/2018
12,12,9780393354775,16.95,Michael Lewis,The Undoing Project,10,Trade Paperback Nonfiction,1/24/2018
11,53,9781422157992,24.95,Harvard Business School Press,HBR's 10 Must Reads on Managing Yourself,11,Trade Paperback Nonfiction,1/24/2018
10,14,9781476796024,17,Alexandra Horowitz,Being a Dog,12,Trade Paperback Nonfiction,1/24/2018
13,2,9780525434191,15,Joan Didion,South and West,13,Trade Paperback Nonfiction,1/24/2018
,79,9781101911761,7.95,Chimamanda Ngozi Adichie,We Should All Be Feminists,14,Trade Paperback Nonfiction,1/24/2018
,17,9781101904183,16,Ben Macintyre,Rogue Heroes,15,Trade Paperback Nonfiction,1/24/2018
1,132,9780762447695,16,Jen Sincero,You Are a Badass,1,Trade Paperback Nonfiction,1/31/2018
2,5,9781501178511,18,Doug Stanton,12 Strong,2,Trade Paperback Nonfiction,1/31/2018
3,9,9781101912379,20,Peter Frankopan,The Silk Roads,3,Trade Paperback Nonfiction,1/31/2018
4,20,9781455540013,15.99,Douglas J. Preston,The Lost City of the Monkey God,4,Trade Paperback Nonfiction,1/31/2018
5,21,9781250076229,16,Atul Gawande,Being Mortal,5,Trade Paperback Nonfiction,1/31/2018
6,32,9781476759739,16,Jonah Berger,Invisible Influence,6,Trade Paperback Nonfiction,1/31/2018
11,54,9781422157992,24.95,Harvard Business School Press,HBR's 10 Must Reads on Managing Yourself,7,Trade Paperback Nonfiction,1/31/2018
7,74,9781633690196,24.95,Harvard Business School Press,HBR's 10 Must Reads on Emotional Intelligence,8,Trade Paperback Nonfiction,1/31/2018
12,15,9781476796024,17,Alexandra Horowitz,Being a Dog,9,Trade Paperback Nonfiction,1/31/2018
10,13,9780393354775,16.95,Michael Lewis,The Undoing Project,10,Trade Paperback Nonfiction,1/31/2018
8,37,9780553447453,17,Matthew Desmond,Evicted,11,Trade Paperback Nonfiction,1/31/2018
9,46,9780804190114,7.99,Timothy Snyder,On Tyranny,12,Trade Paperback Nonfiction,1/31/2018
15,18,9781101904183,16,Ben Macintyre,Rogue Heroes,13,Trade Paperback Nonfiction,1/31/2018
,27,9781451697728,16,Sy Montgomery,The Soul of an Octopus,14,Trade Paperback Nonfiction,1/31/2018
13,3,9780525434191,15,Joan Didion,South and West,15,Trade Paperback Nonfiction,1/31/2018
,,9780525555360,19.99,John Green,Turtles All the Way Down,1,Young Adult,1/3/2018
,,9780062498533,17.99,Angie Thomas,The Hate U Give,2,Young Adult,1/3/2018
,,9780375815300,22.99,Philip Pullman,The Book of Dust: La Belle Sauvage,3,Young Adult,1/3/2018
,,9781250044662,19.99,Marissa Meyer,Renegades,4,Young Adult,1/3/2018
,,9781524769604,10.99,Nicola Yoon,"Everything, Everything",5,Young Adult,1/3/2018
,,9780062330628,17.99,Robin Benway,Far From the Tree,6,Young Adult,1/3/2018
,,9780399547966,18.99,Marie Lu,Warcross,7,Young Adult,1/3/2018
,,9780553496680,18.99,Nicola Yoon,The Sun Is Also a Star,8,Young Adult,1/3/2018
,,9780142424179,12.99,John Green,The Fault in Our Stars,9,Young Adult,1/3/2018
,,9780142423622,10.99,Ruta Sepetys,Salt to the Sea,10,Young Adult,1/3/2018
,,9781442472433,11.99,Neal Shusterman,Scythe,11,Young Adult,1/3/2018
,,9780385754729,12.99,Markus Zusak,The Book Thief,12,Young Adult,1/3/2018
,,9780062348647,12.99,Veronica Roth,Carve the Mark,13,Young Adult,1/3/2018
,,9781524714680,17.99,Karen M. McManus,One of Us Is Lying,14,Young Adult,1/3/2018
,,9780525428022,19.99,John Green,Looking for Alaska,15,Young Adult,1/3/2018
,,9780525555360,19.99,John Green,Turtles All the Way Down,1,Young Adult,1/10/2018
,,9780062498533,17.99,Angie Thomas,The Hate U Give,2,Young Adult,1/10/2018
,,9780375815300,22.99,Philip Pullman,The Book of Dust: La Belle Sauvage,3,Young Adult,1/10/2018
,,9780316310277,18.99,Holly Black,The Cruel Prince,4,Young Adult,1/10/2018
,,9781250044662,19.99,Marissa Meyer,Renegades,5,Young Adult,1/10/2018
,,9781524769604,10.99,Nicola Yoon,"Everything, Everything",6,Young Adult,1/10/2018
,,9780399547966,18.99,Marie Lu,Warcross,7,Young Adult,1/10/2018
,,9781442472433,11.99,Neal Shusterman,Scythe,8,Young Adult,1/10/2018
,,9780142424179,12.99,John Green,The Fault in Our Stars,9,Young Adult,1/10/2018
,,9780385754729,12.99,Markus Zusak,The Book Thief,10,Young Adult,1/10/2018
,,9780062348647,12.99,Veronica Roth,Carve the Mark,11,Young Adult,1/10/2018
,,9780525428022,19.99,John Green,Looking for Alaska,12,Young Adult,1/10/2018
,,9780062330628,17.99,Robin Benway,Far From the Tree,13,Young Adult,1/10/2018
,,9781524714680,17.99,Karen M. McManus,One of Us Is Lying,14,Young Adult,1/10/2018
,,9781101939499,17.99,Nic Stone,Dear Martin,15,Young Adult,1/10/2018
,,9780525555360,19.99,John Green,Turtles All the Way Down,1,Young Adult,1/17/2018
,,9780062498533,17.99,Angie Thomas,The Hate U Give,2,Young Adult,1/17/2018
,,9780375815300,22.99,Philip Pullman,The Book of Dust: La Belle Sauvage,3,Young Adult,1/17/2018
,,9780316310277,18.99,Holly Black,The Cruel Prince,4,Young Adult,1/17/2018
,,9781524769604,10.99,Nicola Yoon,"Everything, Everything",5,Young Adult,1/17/2018
,,9781250044662,19.99,Marissa Meyer,Renegades,6,Young Adult,1/17/2018
,,9780525428022,19.99,John Green,Looking for Alaska,7,Young Adult,1/17/2018
,,9780385754729,12.99,Markus Zusak,The Book Thief,8,Young Adult,1/17/2018
,,9780316013697,15.99,Sherman Alexie,The Absolutely True Diary of a Part-Time Indian,9,Young Adult,1/17/2018
,,9781524714680,17.99,Karen M. McManus,One of Us Is Lying,10,Young Adult,1/17/2018
,,9780399547966,18.99,Marie Lu,Warcross,11,Young Adult,1/17/2018
,,9780142423622,10.99,Ruta Sepetys,Salt to the Sea,12,Young Adult,1/17/2018
,,9780142424179,12.99,John Green,The Fault in Our Stars,13,Young Adult,1/17/2018
,,9780544340688,9.99,Lois Lowry,The Giver,14,Young Adult,1/17/2018
,,9780062330628,17.99,Robin Benway,Far From the Tree,15,Young Adult,1/17/2018
,,9780525555360,19.99,John Green,Turtles All the Way Down,1,Young Adult,1/24/2018
,,9780062498533,17.99,Angie Thomas,The Hate U Give,2,Young Adult,1/24/2018
,,9780375815300,22.99,Philip Pullman,The Book of Dust: La Belle Sauvage,3,Young Adult,1/24/2018
,,9780316310277,18.99,Holly Black,The Cruel Prince,4,Young Adult,1/24/2018
,,9781524769604,10.99,Nicola Yoon,"Everything, Everything",5,Young Adult,1/24/2018
,,9780142424179,12.99,John Green,The Fault in Our Stars,6,Young Adult,1/24/2018
,,9781250044662,19.99,Marissa Meyer,Renegades,7,Young Adult,1/24/2018
,,9780385754729,12.99,Markus Zusak,The Book Thief,8,Young Adult,1/24/2018
,,9780544340688,9.99,Lois Lowry,The Giver,9,Young Adult,1/24/2018
,,9780062348647,12.99,Veronica Roth,Carve the Mark,10,Young Adult,1/24/2018
,,9780062330628,17.99,Robin Benway,Far From the Tree,11,Young Adult,1/24/2018
,,9780399547966,18.99,Marie Lu,Warcross,12,Young Adult,1/24/2018
,,9780142423622,10.99,Ruta Sepetys,Salt to the Sea,13,Young Adult,1/24/2018
,,9780525428022,19.99,John Green,Looking for Alaska,14,Young Adult,1/24/2018
,,9781524714680,17.99,Karen M. McManus,One of Us Is Lying,15,Young Adult,1/24/2018
,,9780525555360,19.99,John Green,Turtles All the Way Down,1,Young Adult,1/31/2018
,,9780062498533,17.99,Angie Thomas,The Hate U Give,2,Young Adult,1/31/2018
,,9780375815300,22.99,Philip Pullman,The Book of Dust: La Belle Sauvage,3,Young Adult,1/31/2018
,,9780316310277,18.99,Holly Black,The Cruel Prince,4,Young Adult,1/31/2018
,,9781524769604,10.99,Nicola Yoon,"Everything, Everything",5,Young Adult,1/31/2018
,,9780385754729,12.99,Markus Zusak,The Book Thief,6,Young Adult,1/31/2018
,,9781250044662,19.99,Marissa Meyer,Renegades,7,Young Adult,1/31/2018
,,9780316013697,15.99,Sherman Alexie,The Absolutely True Diary of a Part-Time Indian,8,Young Adult,1/31/2018
,,9780142424179,12.99,John Green,The Fault in Our Stars,9,Young Adult,1/31/2018
,,9780399547966,18.99,Marie Lu,Warcross,10,Young Adult,1/31/2018
,,9780544340688,9.99,Lois Lowry,The Giver,11,Young Adult,1/31/2018
,,9780142423622,10.99,Ruta Sepetys,Salt to the Sea,12,Young Adult,1/31/2018
,,9780307931894,9.99,David Levithan,Every Day,13,Young Adult,1/31/2018
,,9781524714680,17.99,Karen M. McManus,One of Us Is Lying,14,Young Adult,1/31/2018
,,9780553496680,18.99,Nicola Yoon,The Sun Is Also a Star,15,Young Adult,1/31/2018
